[
  { "id": 1, "name": "NBC HD [BEAUMONT]", "country": "USA" },
  { "id": 2, "name": "NBC HD [ROCHESTER MN]", "country": "USA" },
  { "id": 3, "name": "NBC HD [ELMIRA]", "country": "USA" },
  { "id": 4, "name": "NBC HD [MONTEREY]", "country": "USA" },
  { "id": 5, "name": "NBC SD [SIOUX CITY]", "country": "USA" },
  { "id": 6, "name": "NBC SD [WICHITA KS]", "country": "USA" },
  { "id": 7, "name": "NBC 2 HD [BANGOR]", "country": "USA" },
  { "id": 8, "name": "NBC 2 HD [BUFFALO]", "country": "USA" },
  { "id": 9, "name": "NBC 2 HD [CHARLESTON SC]", "country": "USA" },
  { "id": 10, "name": "NBC 2 HD [DAYTON OH]", "country": "USA" },
  { "id": 11, "name": "NBC 2 HD [DAYTONA BEACH]", "country": "USA" },
  { "id": 12, "name": "NBC 2 HD [FORT MYERS]", "country": "USA" },
  { "id": 13, "name": "NBC 2 HD [JUNEAU & DOUGLAS]", "country": "USA" },
  { "id": 14, "name": "NBC 2 HD [NORTH PLATTE]", "country": "USA" },
  { "id": 15, "name": "NBC 2 HD [TERRE HAUTE]", "country": "USA" },
  { "id": 16, "name": "NBC 2 HD [TULSA]", "country": "USA" },
  { "id": 17, "name": "NBC 2 HD [UTICA]", "country": "USA" },
  { "id": 18, "name": "NBC 2 HD [HOUSTON TX]", "country": "USA" },
  { "id": 19, "name": "NBC 2 HD [ORLANDO]", "country": "USA" },
  { "id": 20, "name": "NBC 2 HD [WINTER PARK FL]", "country": "USA" },
  { "id": 21, "name": "NBC 3 HD [CLEVELAND OH]", "country": "USA" },
  { "id": 22, "name": "NBC 3 HD [CHATTANOOGA]", "country": "USA" },
  { "id": 23, "name": "NBC 3 HD [EUREKA]", "country": "USA" },
  { "id": 24, "name": "NBC 3 HD [HUNTINGTON WV]", "country": "USA" },
  { "id": 25, "name": "NBC 3 HD [JACKSON MS]", "country": "USA" },
  { "id": 26, "name": "NBC 3 HD [LAS VEGAS]", "country": "USA" },
  { "id": 27, "name": "NBC 3 HD [LOUISVILLE]", "country": "USA" },
  { "id": 28, "name": "NBC 3 HD [SACRAMENTO]", "country": "USA" },
  { "id": 29, "name": "NBC 3 HD [SAVANNAH GA]", "country": "USA" },
  { "id": 30, "name": "NBC 3 HD [SPRINGFIELD MO]", "country": "USA" },
  { "id": 31, "name": "NBC 3 HD [SYRACUSE]", "country": "USA" },
  { "id": 32, "name": "NBC 4 HD [ALBUQUERQUE]", "country": "USA" },
  { "id": 33, "name": "NBC 4 SD [AMARILLO]", "country": "USA" },
  { "id": 34, "name": "NBC 4 HD [COLUMBUS]", "country": "USA" },
  { "id": 35, "name": "NBC 4 HD [DETROIT MI]", "country": "USA" },
  { "id": 36, "name": "NBC 4 HD [GREENVILLE SC]", "country": "USA" },
  { "id": 37, "name": "NBC 4 HD [HASTINGS NE]", "country": "USA" },
  { "id": 38, "name": "NBC 4 SD [LITTLE ROCK]", "country": "USA" },
  { "id": 39, "name": "NBC 4 HD [MILWAUKEE]", "country": "USA" },
  { "id": 40, "name": "NBC 4 HD [NEW YORK]", "country": "USA" },
  { "id": 41, "name": "NBC 4 SD [RENO NV]", "country": "USA" },
  { "id": 42, "name": "NBC 4 HD [SAN ANTONIO TX]", "country": "USA" },
  { "id": 43, "name": "NBC 4 HD [WASHINGTON DC]", "country": "USA" },
  { "id": 44, "name": "NBC 4 HD [LOS ANGELES]", "country": "USA" },
  { "id": 45, "name": "NBC 4 HD [OKLAHOMA CITY]", "country": "USA" },
  { "id": 46, "name": "NBC 4 HD [NASHVILLE TN]", "country": "USA" },
  { "id": 47, "name": "NBC 4 SD [SUPERIOR NE]", "country": "USA" },
  { "id": 48, "name": "NBC 4 HD [TUCSON AZ]", "country": "USA" },
  { "id": 49, "name": "NBC 5 HD [BINGHAMTON]", "country": "USA" },
  { "id": 50, "name": "NBC 5 HD [BISMARCK]", "country": "USA" },
  { "id": 51, "name": "NBC 5 HD [BRISTOL]", "country": "USA" },
  { "id": 52, "name": "NBC 5 HD [CINCINNATI]", "country": "USA" },
  { "id": 53, "name": "NBC 5 HD [DALLAS TX]", "country": "USA" },
  { "id": 54, "name": "NBC 5 HD [COLORADO SPRINGS CO]", "country": "USA" },
  { "id": 55, "name": "NBC 5 HD [FORT WORTH]", "country": "USA" },
  { "id": 56, "name": "NBC 5 HD [LOUISIANA]", "country": "USA" },
  { "id": 57, "name": "NBC 5 HD [MEDFORD]", "country": "USA" },
  { "id": 58, "name": "NBC 5 HD [MEMPHIS TN]", "country": "USA" },
  { "id": 59, "name": "NBC 5 HD [PLATTSBURGH NY]", "country": "USA" },
  { "id": 60, "name": "NBC 5 HD [RALEIGH NC]", "country": "USA" },
  { "id": 61, "name": "NBC 5 HD [SALT LAKE CITY]", "country": "USA" },
  { "id": 62, "name": "NBC 5 HD [ST. LOUIS]", "country": "USA" },
  { "id": 63, "name": "NBC 5 HD [TRI-CITIES]", "country": "USA" },
  { "id": 64, "name": "NBC 5 HD [SEATTLE WA]", "country": "USA" },
  { "id": 65, "name": "NBC 5 HD [CHICAGO]", "country": "USA" },
  { "id": 66, "name": "NBC 5 HD [WEST PALM BEACH FL]", "country": "USA" },
  { "id": 67, "name": "NBC 6 HD [BLUEFIELD. VA]", "country": "USA" },
  { "id": 68, "name": "NBC 6 HD [BUTTE]", "country": "USA" },
  { "id": 69, "name": "NBC 6 HD [CORPUS CHRISTI TX]", "country": "USA" },
  { "id": 70, "name": "NBC 6 HD [DAVENPORT IA]", "country": "USA" },
  { "id": 71, "name": "NBC 6 HD [JOHNSTOWN]", "country": "USA" },
  { "id": 72, "name": "NBC 6 HD [MIAMI FL]", "country": "USA" },
  { "id": 73, "name": "NBC 6 HD [MARQUETTE MI]", "country": "USA" },
  { "id": 74, "name": "NBC 6 HD [NEW ORLEANS]", "country": "USA" },
  { "id": 75, "name": "NBC 6 HD [OMAHA NE]", "country": "USA" },
  { "id": 76, "name": "NBC 6 HD [PADUCAH KY]", "country": "USA" },
  { "id": 77, "name": "NBC 6 HD [PALM SPRINGS]", "country": "USA" },
  { "id": 78, "name": "NBC 6 HD [POCATELLO]", "country": "USA" },
  { "id": 79, "name": "NBC 6 SD [SAN LUIS OBISPO]", "country": "USA" },
  { "id": 80, "name": "NBC 6 HD [SHREVEPORT LA]", "country": "USA" },
  { "id": 81, "name": "NBC 6 HD [SPOKANE WA]", "country": "USA" },
  { "id": 82, "name": "NBC 6 HD [TEMPLE]", "country": "USA" },
  { "id": 83, "name": "NBC 6 HD [WILMINGTON NC]", "country": "USA" },
  { "id": 84, "name": "NBC 6 HD [PORTLAND ME]", "country": "USA" },
  { "id": 85, "name": "NBC 6 HD [WISCONSIN]", "country": "USA" },
  { "id": 86, "name": "NBC 7 HD [BOISE ID]", "country": "USA" },
  { "id": 87, "name": "NBC 7 HD [GREENVILLE NC]", "country": "USA" },
  { "id": 88, "name": "NBC 7 HD [HATTIESBURG MS]", "country": "USA" },
  { "id": 89, "name": "NBC 7 HD [LAKE CHARLES]", "country": "USA" },
  { "id": 90, "name": "NBC 7 HD [LAUREL]", "country": "USA" },
  { "id": 91, "name": "NBC 7 HD [RENO]", "country": "USA" },
  { "id": 92, "name": "NBC 7 HD [SAN DIEGO CA]", "country": "USA" },
  { "id": 93, "name": "NBC 7 HD [SAN DIEGO]", "country": "USA" },
  { "id": 94, "name": "NBC 7 HD [TRAVERSE CITY]", "country": "USA" },
  { "id": 95, "name": "NBC 7 HD [WASHINGTON]", "country": "USA" },
  { "id": 96, "name": "NBC 7 HD [PANAMA CITY FL]", "country": "USA" },
  { "id": 97, "name": "NBC 7 HD [WATERLOO]", "country": "USA" },
  { "id": 98, "name": "NBC 8 HD [BILLINGS]", "country": "USA" },
  { "id": 99, "name": "NBC 8 HD [COLUMBIA]", "country": "USA" },
  { "id": 100, "name": "NBC 8 HD [GRAND RAPIDS MI]", "country": "USA" },
  { "id": 101, "name": "NBC 8 HD [JEFFERSON CITY]", "country": "USA" },
  { "id": 102, "name": "NBC 8 HD [JONESBORO]", "country": "USA" },
  { "id": 103, "name": "NBC 8 HD [LANCASTER]", "country": "USA" },
  { "id": 104, "name": "NBC 8 HD [LAREDO]", "country": "USA" },
  { "id": 105, "name": "NBC 8 HD [LIMA]", "country": "USA" },
  { "id": 106, "name": "NBC 8 HD [PORTLAND OR]", "country": "USA" },
  { "id": 107, "name": "NBC 8 SD [SALINAS]", "country": "USA" },
  { "id": 108, "name": "NBC 8 HD [TAMPA]", "country": "USA" },
  { "id": 109, "name": "NBC 9 HD [ABILENE]", "country": "USA" },
  { "id": 110, "name": "NBC 9 HD [DENVER]", "country": "USA" },
  { "id": 111, "name": "NBC 9 HD [EL PASO TX]", "country": "USA" },
  { "id": 112, "name": "NBC 9 SD [GAINESVILLE]", "country": "USA" },
  { "id": 113, "name": "NBC 9 HD [GRAND JUNCTION]", "country": "USA" },
  { "id": 114, "name": "NBC 9 HD [ODESSA]", "country": "USA" },
  { "id": 115, "name": "NBC 9 HD [STEUBENVILLE]", "country": "USA" },
  { "id": 116, "name": "NBC 9 HD [TUPELO]", "country": "USA" },
  { "id": 117, "name": "NBC 10 HD [EAST]", "country": "USA" },
  { "id": 118, "name": "NBC 10 HD [ADA]", "country": "USA" },
  { "id": 119, "name": "NBC 10 HD [ALBANY]", "country": "USA" },
  { "id": 120, "name": "NBC 10 HD [ANCHORAGE]", "country": "USA" },
  { "id": 121, "name": "NBC 10 HD [COLUMBIA SC]", "country": "USA" },
  { "id": 122, "name": "NBC 10 HD [EL DORADO]", "country": "USA" },
  { "id": 123, "name": "NBC 10 HD [HAMPTON VA]", "country": "USA" },
  { "id": 124, "name": "NBC 10 HD [KNOXVILLE]", "country": "USA" },
  { "id": 125, "name": "NBC 10 HD [LANSING MI]", "country": "USA" },
  { "id": 126, "name": "NBC 10 HD [ONONDAGA]", "country": "USA" },
  { "id": 127, "name": "NBC 10 SD [PHILADELPHIA PA]", "country": "USA" },
  { "id": 128, "name": "NBC 10 HD [PORTSMOUTH]", "country": "USA" },
  { "id": 129, "name": "NBC 10 HD [QUINCY]", "country": "USA" },
  { "id": 130, "name": "NBC 10 HD [PHILADELPHIA]", "country": "USA" },
  { "id": 131, "name": "NBC 10 HD [BOSTON MA]", "country": "USA" },
  { "id": 132, "name": "NBC 10 HD [RHODE ISLAND]", "country": "USA" },
  { "id": 133, "name": "NBC 10 HD [ROANOKE VA]", "country": "USA" },
  { "id": 134, "name": "NBC 10 HD [ROCHESTER]", "country": "USA" },
  { "id": 135, "name": "NBC 11 HD [BALTIMORE]", "country": "USA" },
  { "id": 136, "name": "NBC 11 HD [FAIRBANKS]", "country": "USA" },
  { "id": 137, "name": "NBC 11 HD [FARGO ND]", "country": "USA" },
  { "id": 138, "name": "NBC 11 HD [LUBBOCK]", "country": "USA" },
  { "id": 139, "name": "NBC 11 HD [MINNEAPOLIS]", "country": "USA" },
  { "id": 140, "name": "NBC 11 HD [SAN FRANCISCO]", "country": "USA" },
  { "id": 141, "name": "NBC 11 HD [ATLANTA]", "country": "USA" },
  { "id": 142, "name": "NBC 11 HD [PITTSBURGH]", "country": "USA" },
  { "id": 143, "name": "NBC 11 HD [SAN JOSE BAY AREA]", "country": "USA" },
  { "id": 144, "name": "NBC 12 HD [PHOENIX AZ]", "country": "USA" },
  { "id": 145, "name": "NBC 12 HD [CLARKSBURG. WV]", "country": "USA" },
  { "id": 146, "name": "NBC 12 HD [ERIE]", "country": "USA" },
  { "id": 147, "name": "NBC 12 HD [GREAT FALLS]", "country": "USA" },
  { "id": 148, "name": "NBC 12 HD [HELENA]", "country": "USA" },
  { "id": 149, "name": "NBC 12 HD [JACKSONVILLE FL]", "country": "USA" },
  { "id": 150, "name": "NBC 12 HD [MONTGOMERY]", "country": "USA" },
  { "id": 151, "name": "NBC 12 HD [RHINELANDER]", "country": "USA" },
  { "id": 152, "name": "NBC 12 HD [RICHMOND VA]", "country": "USA" },
  { "id": 153, "name": "NBC 12 HD [SAN JOSE]", "country": "USA" },
  { "id": 154, "name": "NBC 12 HD [WINSTON SALEM NC]", "country": "USA" },
  { "id": 155, "name": "NBC 13 HD [ALBANY NY]", "country": "USA" },
  { "id": 156, "name": "NBC 13 HD [CASPER]", "country": "USA" },
  { "id": 157, "name": "NBC 13 HD [DES MOINES]", "country": "USA" },
  { "id": 158, "name": "NBC 13 HD [DOTHAN]", "country": "USA" },
  { "id": 159, "name": "NBC 13 HD [EAU CLAIRE WI]", "country": "USA" },
  { "id": 160, "name": "NBC 13 HD [INDIANAPOLIS]", "country": "USA" },
  { "id": 161, "name": "NBC 13 HD [La Crosse WI]", "country": "USA" },
  { "id": 162, "name": "NBC 13 HD [BIRMINGHAM AL]", "country": "USA" },
  { "id": 163, "name": "NBC 13 HD [MISSOULA]", "country": "USA" },
  { "id": 164, "name": "NBC 13 HD [MONTANA]", "country": "USA" },
  { "id": 165, "name": "NBC 13 HD [ROCKFORD]", "country": "USA" },
  { "id": 166, "name": "NBC 13 HD [YUMA]", "country": "USA" },
  { "id": 167, "name": "NBC 14 HD [COLUMBUS]", "country": "USA" },
  { "id": 168, "name": "NBC 14 HD [EVANSVILLE IN]", "country": "USA" },
  { "id": 169, "name": "NBC 14 HD [GREEN BAY]", "country": "USA" },
  { "id": 170, "name": "NBC 14 HD [LA FAYETTE]", "country": "USA" },
  { "id": 171, "name": "NBC 14 HD [LAS VEGAS]", "country": "USA" },
  { "id": 172, "name": "NBC 14 HD [SIOUX CITY]", "country": "USA" },
  { "id": 173, "name": "NBC 15 HD [FORT MYERS]", "country": "USA" },
  { "id": 174, "name": "NBC 15 HD [HUNTSVILLE]", "country": "USA" },
  { "id": 175, "name": "NBC 15 HD [ALABAMA]", "country": "USA" },
  { "id": 176, "name": "NBC 15 HD [MADISON WI]", "country": "USA" },
  { "id": 177, "name": "NBC 15 HD [MOBILE]", "country": "USA" },
  { "id": 178, "name": "NBC 15 HD [PARKERSBURG]", "country": "USA" },
  { "id": 179, "name": "NBC 16 HD [EL PASO]", "country": "USA" },
  { "id": 180, "name": "NBC 16 HD [EUGENE]", "country": "USA" },
  { "id": 181, "name": "NBC 16 SD [LAFAYETTE]", "country": "USA" },
  { "id": 182, "name": "NBC 16 HD [PUEBLO]", "country": "USA" },
  { "id": 183, "name": "NBC 16 HD [SAN ANGELO]", "country": "USA" },
  { "id": 184, "name": "NBC 16 HD [SOUTH BEND]", "country": "USA" },
  { "id": 185, "name": "NBC 17 HD [SAN DIEGO]", "country": "USA" },
  { "id": 186, "name": "NBC 17 HD [BAKERSFIELD]", "country": "USA" },
  { "id": 187, "name": "NBC 17 HD [DECATUR]", "country": "USA" },
  { "id": 188, "name": "NBC 17 HD [JOPLIN]", "country": "USA" },
  { "id": 189, "name": "NBC 17 HD [SHREVEPORT]", "country": "USA" },
  { "id": 190, "name": "NBC 17 HD [VICTORIA]", "country": "USA" },
  { "id": 191, "name": "NBC 18 HD [LEXINGTON KY]", "country": "USA" },
  { "id": 192, "name": "NBC 18 HD [ZANESVILLE]", "country": "USA" },
  { "id": 193, "name": "NBC 19 HD [CHEYENNE]", "country": "USA" },
  { "id": 194, "name": "NBC 19 HD [MADISON]", "country": "USA" },
  { "id": 195, "name": "NBC 19 HD [CLEVELAND]", "country": "USA" },
  { "id": 196, "name": "NBC 19 HD [NEW ORLEANS]", "country": "USA" },
  { "id": 197, "name": "NBC 19 HD [VIRGIN ISLANDS]", "country": "USA" },
  { "id": 198, "name": "NBC 20 HD [BINGHAMTON]", "country": "USA" },
  { "id": 199, "name": "NBC 20 HD [CHARLESTON]", "country": "USA" },
  { "id": 200, "name": "NBC 20 HD [TWIN FALLS]", "country": "USA" },
  { "id": 201, "name": "NBC 20 HD [YOUNGSTOWN]", "country": "USA" },
  { "id": 202, "name": "NBC 21 HD [AUSTIN]", "country": "USA" },
  { "id": 203, "name": "NBC 21 HD [BEND]", "country": "USA" },
  { "id": 204, "name": "NBC 21 HD [FORT WAYNE IN]", "country": "USA" },
  { "id": 205, "name": "NBC 21 HD [RAPID CITY]", "country": "USA" },
  { "id": 206, "name": "NBC 21 HD [SIOUX FALLS]", "country": "USA" },
  { "id": 207, "name": "NBC 21 HD [ST. JOSEPH]", "country": "USA" },
  { "id": 208, "name": "NBC 21 HD [YOUNGSTOWN OH]", "country": "USA" },
  { "id": 209, "name": "NBC 22 HD [SPRINGFIELD MA]", "country": "USA" },
  { "id": 210, "name": "NBC 23 SD [BROWNSVILLE]", "country": "USA" },
  { "id": 211, "name": "NBC 23 HD [BRYAN]", "country": "USA" },
  { "id": 212, "name": "NBC 23 HD [TRI CITIES WA]", "country": "USA" },
  { "id": 213, "name": "NBC 23 HD [TUCSON]", "country": "USA" },
  { "id": 214, "name": "NBC 23 HD [WILMINGTON]", "country": "USA" },
  { "id": 215, "name": "NBC 24 HD [BROWNSVILLE]", "country": "USA" },
  { "id": 216, "name": "NBC 24 HD [CHARLOTTE]", "country": "USA" },
  { "id": 217, "name": "NBC 24 HD [CHICO-READING]", "country": "USA" },
  { "id": 218, "name": "NBC 24 HD [FORT WORTH]", "country": "USA" },
  { "id": 219, "name": "NBC 24 HD [FRESNO CA]", "country": "USA" },
  { "id": 220, "name": "NBC 24 HD [TOLEDO]", "country": "USA" },
  { "id": 221, "name": "NBC 25 HD [BLOOMINGTON IL]", "country": "USA" },
  { "id": 222, "name": "NBC 25 HD [GULFPORT]", "country": "USA" },
  { "id": 223, "name": "NBC 25 HD [PEORIA]", "country": "USA" },
  { "id": 224, "name": "NBC 25 HD [SAGINAW MI]", "country": "USA" },
  { "id": 225, "name": "NBC 25 HD [SAGINAW]", "country": "USA" },
  { "id": 226, "name": "NBC 26 HD [AUGUSTA GA]", "country": "USA" },
  { "id": 227, "name": "NBC 26 HD [GREEN BAY]", "country": "USA" },
  { "id": 228, "name": "NBC 26 HD [TEXARKANA]", "country": "USA" },
  { "id": 229, "name": "NBC 27 HD [OKLAHOMA]", "country": "USA" },
  { "id": 230, "name": "NBC 27 HD [TOPEKA]", "country": "USA" },
  { "id": 231, "name": "NBC 28 HD [LEXINGTON]", "country": "USA" },
  { "id": 232, "name": "NBC 28 HD [SCRANTON]", "country": "USA" },
  { "id": 233, "name": "NBC 28 HD [WILKES BARRE PA]", "country": "USA" },
  { "id": 234, "name": "NBC 29 HD [CHARLOTTESVILLE]", "country": "USA" },
  { "id": 235, "name": "NBC 30 SD [HARTFORD CT]", "country": "USA" },
  { "id": 236, "name": "NBC 31 HD [SALISBURY]", "country": "USA" },
  { "id": 237, "name": "NBC 32 HD [BATON ROUGE]", "country": "USA" },
  { "id": 238, "name": "NBC 32 HD [DETROIT]", "country": "USA" },
  { "id": 239, "name": "NBC 32 HD [LOUISVILLE]", "country": "USA" },
  { "id": 240, "name": "NBC 32 HD [MYRTLE BEACH]", "country": "USA" },
  { "id": 241, "name": "NBC 33 HD [BATON ROUGE]", "country": "USA" },
  { "id": 242, "name": "NBC 35 HD [ALEXANDRIA]", "country": "USA" },
  { "id": 243, "name": "NBC 35 HD [HONOLULU]", "country": "USA" },
  { "id": 244, "name": "NBC 35 HD [HOUSTON]", "country": "USA" },
  { "id": 245, "name": "NBC 35 HD [NEW YORK]", "country": "USA" },
  { "id": 246, "name": "NBC 35 HD [ST. LOUIS]", "country": "USA" },
  { "id": 247, "name": "NBC 36 SD [AUSTIN]", "country": "USA" },
  { "id": 248, "name": "NBC 36 HD [CHARLOTTE NC]", "country": "USA" },
  { "id": 249, "name": "NBC 36 HD [LOS ANGELES]", "country": "USA" },
  { "id": 250, "name": "NBC 39 HD [JACKSON]", "country": "USA" },
  { "id": 251, "name": "NBC 40 HD [BOWLING GREEN]", "country": "USA" },
  { "id": 252, "name": "NBC 40 HD [TALLAHASSEE]", "country": "USA" },
  { "id": 253, "name": "NBC 41 HD [KANSAS CITY MO]", "country": "USA" },
  { "id": 254, "name": "NBC 41 HD [MACON]", "country": "USA" },
  { "id": 255, "name": "NBC 45 HD [WATERTOWN]", "country": "USA" },
  { "id": 256, "name": "NBC 46 SD [LAFAYETTE LA]", "country": "USA" },
  { "id": 257, "name": "NBC 46 SD [SIOUX FALLS IA]", "country": "USA" },
  { "id": 258, "name": "NBC 48 SD [HUNTSVILLE]", "country": "USA" },
  { "id": 259, "name": "NBC 51 HD [FORT SMITH]", "country": "USA" },
  { "id": 260, "name": "NBC 56 HD [JACKSONVILLE]", "country": "USA" },
  { "id": 261, "name": "FOX HD [EUGENE]", "country": "USA" },
  { "id": 262, "name": "FOX HD [PORTLAND]", "country": "USA" },
  { "id": 263, "name": "FOX HD [TRI CITIES]", "country": "USA" },
  { "id": 264, "name": "FOX HD [VIRGINIA BEACH]", "country": "USA" },
  { "id": 265, "name": "FOX 2 HD [DETROIT]", "country": "USA" },
  { "id": 266, "name": "FOX 2 HD [HONOLULU]", "country": "USA" },
  { "id": 267, "name": "FOX 2 HD [SAN FRANCISCO]", "country": "USA" },
  { "id": 268, "name": "FOX 2 HD [ST. LOUIS]", "country": "USA" },
  { "id": 269, "name": "FOX 4 HD [CAPE CORAL]", "country": "USA" },
  { "id": 270, "name": "FOX 4 HD [DALLAS]", "country": "USA" },
  { "id": 271, "name": "FOX 4 HD [KANSAS CITY]", "country": "USA" },
  { "id": 272, "name": "FOX 5 SD [HENDERSON NV]", "country": "USA" },
  { "id": 273, "name": "FOX 5 HD [NEW YORK]", "country": "USA" },
  { "id": 274, "name": "FOX 5 HD [SAN DIEGO]", "country": "USA" },
  { "id": 275, "name": "FOX 5 HD [WASHINGTON]", "country": "USA" },
  { "id": 276, "name": "FOX 5 HD [LAS VEGAS]", "country": "USA" },
  { "id": 277, "name": "FOX 5 HD [ATLANTA]", "country": "USA" },
  { "id": 278, "name": "FOX 5 PLUS HD [WASHINGTON]", "country": "USA" },
  { "id": 279, "name": "FOX 6 HD [BIRMINGHAM]", "country": "USA" },
  { "id": 280, "name": "FOX 6 HD [MILWAUKEE]", "country": "USA" },
  { "id": 281, "name": "FOX 7 HD [AUSTIN]", "country": "USA" },
  { "id": 282, "name": "FOX 7 HD [MIAMI]", "country": "USA" },
  { "id": 283, "name": "FOX 7 SD [SIOUX FALLS]", "country": "USA" },
  { "id": 284, "name": "FOX 8 HD [CLEVELAND]", "country": "USA" },
  { "id": 285, "name": "FOX 8 HD [GREENSBORO]", "country": "USA" },
  { "id": 286, "name": "FOX 8 HD [HIGH POINT]", "country": "USA" },
  { "id": 287, "name": "FOX 8 HD [NEW ORLEANS]", "country": "USA" },
  { "id": 288, "name": "FOX 9 HD [CALDWELL]", "country": "USA" },
  { "id": 289, "name": "FOX 9 HD [HENDERSON]", "country": "USA" },
  { "id": 290, "name": "FOX 9 HD [MINNEAPOLIS]", "country": "USA" },
  { "id": 291, "name": "FOX 9 PLUS HD [MINNEAPOLIS]", "country": "USA" },
  { "id": 292, "name": "FOX 10 HD [ALABAMA]", "country": "USA" },
  { "id": 293, "name": "FOX 10 HD [MOBILE]", "country": "USA" },
  { "id": 294, "name": "FOX 10 XTRA HD [PHOENIX]", "country": "USA" },
  { "id": 295, "name": "FOX 10 HD [PHOENIX]", "country": "USA" },
  { "id": 296, "name": "FOX 11 HD [CHARLESTON]", "country": "USA" },
  { "id": 297, "name": "FOX 11 HD [RENO]", "country": "USA" },
  { "id": 298, "name": "FOX 11 SD [TUCSON]", "country": "USA" },
  { "id": 299, "name": "FOX 11 HD [LOS ANGELES]", "country": "USA" },
  { "id": 300, "name": "FOX 12 HD [PORTLAND]", "country": "USA" },
  { "id": 301, "name": "FOX 12 HD [PROVIDENCE]", "country": "USA" },
  { "id": 302, "name": "FOX 12 HD [SALT LAKE CITY]", "country": "USA" },
  { "id": 303, "name": "FOX 13 HD [ALBUQUERQUE]", "country": "USA" },
  { "id": 304, "name": "FOX 13 HD [MEMPHIS]", "country": "USA" },
  { "id": 305, "name": "FOX 13 HD [SEATTLE]", "country": "USA" },
  { "id": 306, "name": "FOX 13 HD [SALT LAKE CITY]", "country": "USA" },
  { "id": 307, "name": "FOX 13 HD [TACOMA]", "country": "USA" },
  { "id": 308, "name": "FOX 13 HD [TAMPA BAY]", "country": "USA" },
  { "id": 309, "name": "FOX 14 HD [JACKSON]", "country": "USA" },
  { "id": 310, "name": "FOX 15 HD [FARGO]", "country": "USA" },
  { "id": 311, "name": "FOX 15 HD [LAFAYETTE]", "country": "USA" },
  { "id": 312, "name": "FOX 16 HD [BURLINGTON]", "country": "USA" },
  { "id": 313, "name": "FOX 16 HD [LITTLE ROCK]", "country": "USA" },
  { "id": 314, "name": "FOX 17 HD [DES MOINES]", "country": "USA" },
  { "id": 315, "name": "FOX 17 HD [GRAND RAPIDS MI]", "country": "USA" },
  { "id": 316, "name": "FOX 17 HD [GREENVILLE]", "country": "USA" },
  { "id": 317, "name": "FOX 17 HD [LA CROSSE]", "country": "USA" },
  { "id": 318, "name": "FOX 17 HD [NASHVILLE]", "country": "USA" },
  { "id": 319, "name": "FOX 17 HD [SIOUX FALLS]", "country": "USA" },
  { "id": 320, "name": "FOX 17 HD [WEST MICHIGAN]", "country": "USA" },
  { "id": 321, "name": "FOX 18 HD [DAVENPORT]", "country": "USA" },
  { "id": 322, "name": "FOX 19 HD [CINCINNATI]", "country": "USA" },
  { "id": 323, "name": "FOX 19 SD [GRAND RAPIDS MI]", "country": "USA" },
  { "id": 324, "name": "FOX 19 HD [NEWPORT]", "country": "USA" },
  { "id": 325, "name": "FOX 21 HD [ASHEVILLE]", "country": "USA" },
  { "id": 326, "name": "FOX 21 HD [COLORADO SPRINGS]", "country": "USA" },
  { "id": 327, "name": "FOX 21 HD [GREENVILLE SC]", "country": "USA" },
  { "id": 328, "name": "FOX 22 HD [COLORADO SPRINGS]", "country": "USA" },
  { "id": 329, "name": "FOX 22 HD [PITTSBURGH]", "country": "USA" },
  { "id": 330, "name": "FOX 22 HD [SOUTH BEND]", "country": "USA" },
  { "id": 331, "name": "FOX 23 HD [ALBANY]", "country": "USA" },
  { "id": 332, "name": "FOX 23 HD [PORTLAND]", "country": "USA" },
  { "id": 333, "name": "FOX 23 HD [TULSA]", "country": "USA" },
  { "id": 334, "name": "FOX 24 HD [CHARLESTON]", "country": "USA" },
  { "id": 335, "name": "FOX 24 HD [CHICAGO]", "country": "USA" },
  { "id": 336, "name": "FOX 24 HD [FORT SMITH]", "country": "USA" },
  { "id": 337, "name": "FOX 24 HD [MACON]", "country": "USA" },
  { "id": 338, "name": "FOX 24 HD [MILWAUKEE]", "country": "USA" },
  { "id": 339, "name": "FOX 25 HD [BELMONT]", "country": "USA" },
  { "id": 340, "name": "FOX 25 HD [LA CROSSE]", "country": "USA" },
  { "id": 341, "name": "FOX 25 HD [BOSTON]", "country": "USA" },
  { "id": 342, "name": "FOX 25 HD [TUCSON]", "country": "USA" },
  { "id": 343, "name": "FOX 25 HD [OKLAHOMA CITY]", "country": "USA" },
  { "id": 344, "name": "FOX 26 HD [HOUSTON]", "country": "USA" },
  { "id": 345, "name": "FOX 26 HD [FRESNO]", "country": "USA" },
  { "id": 346, "name": "FOX 26 SD [HOUSTON]", "country": "USA" },
  { "id": 347, "name": "FOX 26 HD [OAKLAND]", "country": "USA" },
  { "id": 348, "name": "FOX 27 HD [ATLANTA]", "country": "USA" },
  { "id": 349, "name": "FOX 27 HD [ROANOKE]", "country": "USA" },
  { "id": 350, "name": "FOX 28 HD [COLUMBUS GA]", "country": "USA" },
  { "id": 351, "name": "FOX 28 HD [RALEIGH]", "country": "USA" },
  { "id": 352, "name": "FOX 28 HD [SAVANNAH]", "country": "USA" },
  { "id": 353, "name": "FOX 28 HD [SPOKANE]", "country": "USA" },
  { "id": 354, "name": "FOX 28 HD [WACO]", "country": "USA" },
  { "id": 355, "name": "FOX 29 HD [BUFFALO]", "country": "USA" },
  { "id": 356, "name": "FOX 29 HD [SAN ANTONIO]", "country": "USA" },
  { "id": 357, "name": "FOX 29 HD [PALM BEACH]", "country": "USA" },
  { "id": 358, "name": "FOX 29 HD [PHILADELPHIA]", "country": "USA" },
  { "id": 359, "name": "FOX 29 HD [WEST PALM BEACH]", "country": "USA" },
  { "id": 360, "name": "FOX 30 HD [JACKSONVILLE]", "country": "USA" },
  { "id": 361, "name": "FOX 30 HD [LITTLE ROCK]", "country": "USA" },
  { "id": 362, "name": "FOX 30 HD [MERIDIAN MS]", "country": "USA" },
  { "id": 363, "name": "FOX 31 HD [DENVER]", "country": "USA" },
  { "id": 364, "name": "FOX 32 HD [CHICAGO]", "country": "USA" },
  { "id": 365, "name": "FOX 33 HD [ST. LOUIS]", "country": "USA" },
  { "id": 366, "name": "FOX 33 HD [TOLEDO]", "country": "USA" },
  { "id": 367, "name": "FOX 34 HD [BOSTON]", "country": "USA" },
  { "id": 368, "name": "FOX 34 HD [KANSAS]", "country": "USA" },
  { "id": 369, "name": "FOX 34 HD [SHREVEPORT]", "country": "USA" },
  { "id": 370, "name": "FOX 35 HD [ORLANDO]", "country": "USA" },
  { "id": 371, "name": "FOX 35 HD [RICHMOND]", "country": "USA" },
  { "id": 372, "name": "FOX 35 HD [SALINAS]", "country": "USA" },
  { "id": 373, "name": "FOX 35 PLUS HD [ORLANDO]", "country": "USA" },
  { "id": 374, "name": "FOX 36 HD [SAN JOSE]", "country": "USA" },
  { "id": 375, "name": "FOX 36 HD [AUGUSTA]", "country": "USA" },
  { "id": 376, "name": "FOX 36 HD [CAPE CORAL]", "country": "USA" },
  { "id": 377, "name": "FOX 36 SD [LUMBERTON]", "country": "USA" },
  { "id": 378, "name": "FOX 36 HD [ROANOKE]", "country": "USA" },
  { "id": 379, "name": "FOX 36 HD [TOLEDO]", "country": "USA" },
  { "id": 380, "name": "FOX 38 HD [CORPUS CHRISTI]", "country": "USA" },
  { "id": 381, "name": "FOX 40 HD [JACKSON]", "country": "USA" },
  { "id": 382, "name": "FOX 40 HD [CALIFORNIA]", "country": "USA" },
  { "id": 383, "name": "FOX 40 HD [SACRAMENTO]", "country": "USA" },
  { "id": 384, "name": "FOX 40 HD [SPRINGFIELD]", "country": "USA" },
  { "id": 385, "name": "FOX 41 HD [LOUISVILLE]", "country": "USA" },
  { "id": 386, "name": "FOX 41 HD [YAKIMA]", "country": "USA" },
  { "id": 387, "name": "FOX 42 HD [MYRTLE BEACH]", "country": "USA" },
  { "id": 388, "name": "FOX 43 HD [BLOOMINGTON]", "country": "USA" },
  { "id": 389, "name": "FOX 43 HD [HARRISBURG]", "country": "USA" },
  { "id": 390, "name": "FOX 43 HD [KNOXVILLE]", "country": "USA" },
  { "id": 391, "name": "FOX 43 HD [MYRTLE BEACH]", "country": "USA" },
  { "id": 392, "name": "FOX 43 HD [VIRGINIA]", "country": "USA" },
  { "id": 393, "name": "FOX 43 HD [YORK]", "country": "USA" },
  { "id": 394, "name": "FOX 44 HD [BATON ROUGE]", "country": "USA" },
  { "id": 395, "name": "FOX 44 HD [BURLINGTON]", "country": "USA" },
  { "id": 396, "name": "FOX 44 HD [EVANSVILLE]", "country": "USA" },
  { "id": 397, "name": "FOX 44 HD [WACO]", "country": "USA" },
  { "id": 398, "name": "FOX 45 HD [OHIO]", "country": "USA" },
  { "id": 399, "name": "FOX 45 HD [BALTIMORE]", "country": "USA" },
  { "id": 400, "name": "FOX 46 SD [BELMONT NC]", "country": "USA" },
  { "id": 401, "name": "FOX 46 HD [CHARLOTTE]", "country": "USA" },
  { "id": 402, "name": "FOX 47 HD [LANSING]", "country": "USA" },
  { "id": 403, "name": "FOX 49 HD [OSAGE BEACH]", "country": "USA" },
  { "id": 404, "name": "FOX 49 HD [TALLAHASSEE]", "country": "USA" },
  { "id": 405, "name": "FOX 50 HD", "country": "USA" },
  { "id": 406, "name": "FOX 50 HD [RALEIGH]", "country": "USA" },
  { "id": 407, "name": "FOX 51 HD [GAINESVILLE]", "country": "USA" },
  { "id": 408, "name": "FOX 51 HD [LONGVIEW]", "country": "USA" },
  { "id": 409, "name": "FOX 53 HD [PITTSBURGH]", "country": "USA" },
  { "id": 410, "name": "FOX 54 HD [AUGUSTA]", "country": "USA" },
  { "id": 411, "name": "FOX 54 HD [HUNTSVILLE]", "country": "USA" },
  { "id": 412, "name": "FOX 55 HD [FORT WAYNE]", "country": "USA" },
  { "id": 413, "name": "FOX 57 HD [COLUMBIA]", "country": "USA" },
  { "id": 414, "name": "FOX 59 HD [INDIANAPOLIS]", "country": "USA" },
  { "id": 415, "name": "FOX 61 HD [HARTFORD]", "country": "USA" },
  { "id": 416, "name": "FOX 62 HD [YOUNGSTOWN]", "country": "USA" },
  { "id": 417, "name": "FOX 64 HD [PROVIDENCE]", "country": "USA" },
  { "id": 418, "name": "FOX 67 HD [TEXAS]", "country": "USA" },
  { "id": 419, "name": "FOX 68 HD [SYRACUSE]", "country": "USA" },
  { "id": 420, "name": "MY 9 HD", "country": "USA" },
  { "id": 421, "name": "MY 13 HD [LOS ANGELES]", "country": "USA" },
  { "id": 422, "name": "MY 20 HD [HOUSTON]", "country": "USA" },
  { "id": 423, "name": "MY 20 HD [WASHINGTON DC]", "country": "USA" },
  { "id": 424, "name": "MY 21 HD [LAS VEGAS]", "country": "USA" },
  { "id": 425, "name": "MY 24 HD [MILWAUKEE]", "country": "USA" },
  { "id": 426, "name": "MY 27 HD", "country": "USA" },
  { "id": 427, "name": "MY 33 HD [MIAMI]", "country": "USA" },
  { "id": 428, "name": "MY 38 HD [BOSTON]", "country": "USA" },
  { "id": 429, "name": "MY 40 HD [CAROLINA]", "country": "USA" },
  { "id": 430, "name": "MY 43 [CLEVELAND]", "country": "USA" },
  { "id": 431, "name": "MY 45 HD [PHOENIX]", "country": "USA" },
  { "id": 432, "name": "MY 50 HD [CHICAGO]", "country": "USA" },
  { "id": 433, "name": "MY 65 HD [ORLANDO]", "country": "USA" },
  { "id": 434, "name": "CW EL PASO TX HD", "country": "USA" },
  { "id": 435, "name": "CW 5 HD [PALM SPRINGS]", "country": "USA" },
  { "id": 436, "name": "CW 8 HD [MISSOULA]", "country": "USA" },
  { "id": 437, "name": "CW PIX 11 HD", "country": "USA" },
  { "id": 438, "name": "CW 11 HD [AMARILLO]", "country": "USA" },
  { "id": 439, "name": "CW 11 HD [SEATTLE]", "country": "USA" },
  { "id": 440, "name": "CW 13 HD [LAREDO]", "country": "USA" },
  { "id": 441, "name": "CW 17 HD [JACKSONVILLE]", "country": "USA" },
  { "id": 442, "name": "CW 18 HD [DAYTONA BEACH]", "country": "USA" },
  { "id": 443, "name": "CW 18 HD [CHARLOTTE]", "country": "USA" },
  { "id": 444, "name": "CW 18 HD [MILWAUKEE]", "country": "USA" },
  { "id": 445, "name": "CW 18 HD [ORLANDO]", "country": "USA" },
  { "id": 446, "name": "CW 19 HD [TULSA]", "country": "USA" },
  {
    "id": 447,
    "name": "CW 20 HD GREENSBORO/HIGH POINT/WINSTON-SALEM AREA",
    "country": "USA"
  },
  { "id": 448, "name": "CW 22 HD [MONTGOMERY]", "country": "USA" },
  { "id": 449, "name": "CW 23 HD [LANCASTER PA]", "country": "USA" },
  { "id": 450, "name": "CW 26 HD [CHICAGO]", "country": "USA" },
  {
    "id": 451,
    "name": "CW 27 NORFOLK/PORTSMOUTH/NEWPORT NEWS HD",
    "country": "USA"
  },
  { "id": 452, "name": "CW 29 HD [KANSAS CITY]", "country": "USA" },
  { "id": 453, "name": "CW 33 HD [LAS VEGAS]", "country": "USA" },
  { "id": 454, "name": "CW 35 HD [SAN ANTONIO]", "country": "USA" },
  { "id": 455, "name": "CW 39 HD [MIAMI]", "country": "USA" },
  { "id": 456, "name": "CW 44 HD [ST. PETERSBURG]", "country": "USA" },
  { "id": 457, "name": "CW 44 HD [SAN FRANCISCO]", "country": "USA" },
  { "id": 458, "name": "CW 44 HD [TAMPA]", "country": "USA" },
  { "id": 459, "name": "CW 46 HD [FORT MYERS]", "country": "USA" },
  { "id": 460, "name": "CW 50 HD [DETROIT]", "country": "USA" },
  { "id": 461, "name": "CW 53 HD [COLUMBUS]", "country": "USA" },
  { "id": 462, "name": "CW 54 HD [BALTIMORE]", "country": "USA" },
  { "id": 463, "name": "CW 56 HD [BOSTON]", "country": "USA" },
  { "id": 464, "name": "CW 57 [PHILADELPHIA]", "country": "USA" },
  { "id": 465, "name": "CW 58 HD [LOUISVILLE]", "country": "USA" },
  { "id": 466, "name": "CW 58 [NASHVILLE]", "country": "USA" },
  { "id": 467, "name": "CW 61 HD [PHOENIX]", "country": "USA" },
  { "id": 468, "name": "CW 69 HD [ATLANTA]", "country": "USA" },
  { "id": 469, "name": "CBS HD [CAPE GIRARDEAU]", "country": "USA" },
  { "id": 470, "name": "CBS HD [COLORADO SPRINGS]", "country": "USA" },
  { "id": 471, "name": "CBS HD [DISTRICT OF COLUMBIA]", "country": "USA" },
  { "id": 472, "name": "CBS HD [FORT WORTH KTXA]", "country": "USA" },
  { "id": 473, "name": "CBS HD [PEORIA]", "country": "USA" },
  { "id": 474, "name": "CBS HD [MONTEREY]", "country": "USA" },
  { "id": 475, "name": "CBS HD [NEW YORK]", "country": "USA" },
  { "id": 476, "name": "CBS SD [SPORTS NETWORK]", "country": "USA" },
  { "id": 477, "name": "CBS SD [SOUTH BEND]", "country": "USA" },
  { "id": 478, "name": "CBS HD [STA MARIA]", "country": "USA" },
  { "id": 479, "name": "CBS HD [TUCSON]", "country": "USA" },
  { "id": 480, "name": "CBS HD [SAN DIEGO CA]", "country": "USA" },
  { "id": 481, "name": "CBS 2 HD [NEW YORK]", "country": "USA" },
  { "id": 482, "name": "CBS 2 HD [SPOKANE]", "country": "USA" },
  { "id": 483, "name": "CBS 2 HD [SALT LAKE VITY UT]", "country": "USA" },
  { "id": 484, "name": "CBS 2 HD [BOISE ID]", "country": "USA" },
  { "id": 485, "name": "CBS 2 HD [CEDAR RAPIDS]", "country": "USA" },
  { "id": 486, "name": "CBS 2 HD [CHICAGO]", "country": "USA" },
  { "id": 487, "name": "CBS 2 HD [GREENSBORO NC]", "country": "USA" },
  { "id": 488, "name": "CBS 2 HD [LOS ANGELES]", "country": "USA" },
  { "id": 489, "name": "CBS 2 HD [PITTSBURG]", "country": "USA" },
  { "id": 490, "name": "CBS 2 HD [RENO NV]", "country": "USA" },
  { "id": 491, "name": "CBS 3 HD [BURLINGTON VT]", "country": "USA" },
  { "id": 492, "name": "CBS 3 HD [CHAMPAIGN]", "country": "USA" },
  { "id": 493, "name": "CBS 3 HD [CHARLOTTE NC]", "country": "USA" },
  { "id": 494, "name": "CBS 3 HD [HARTFORD]", "country": "USA" },
  { "id": 495, "name": "CBS 3 HD [KALAMAZOO MI]", "country": "USA" },
  { "id": 496, "name": "CBS 3 HD [MADISON WI]", "country": "USA" },
  { "id": 497, "name": "CBS 3 HD [NORFOLK]", "country": "USA" },
  { "id": 498, "name": "CBS 3 HD [OMAHA]", "country": "USA" },
  { "id": 499, "name": "CBS 3 HD [PHILADELPHIA]", "country": "USA" },
  { "id": 500, "name": "CBS 3 HD [WILMINGTON]", "country": "USA" },
  { "id": 501, "name": "CBS 4 HD [MIAMI FL]", "country": "USA" },
  { "id": 502, "name": "CBS 4 HD [DOTHAN]", "country": "USA" },
  { "id": 503, "name": "CBS 4 HD [BOSTON]", "country": "USA" },
  { "id": 504, "name": "CBS 4 HD [BOSTON MA]", "country": "USA" },
  { "id": 505, "name": "CBS 4 HD [BUFFALO NY]", "country": "USA" },
  { "id": 506, "name": "CBS 4 HD [COLUMBUS MS]", "country": "USA" },
  { "id": 507, "name": "CBS 4 HD [DENVER CO]", "country": "USA" },
  { "id": 508, "name": "CBS 4 HD [EL PASO TX]", "country": "USA" },
  { "id": 509, "name": "CBS 4 HD [HARLINGEN TX]", "country": "USA" },
  { "id": 510, "name": "CBS 4 HD [MINNEAPOLIS MN]", "country": "USA" },
  { "id": 511, "name": "CBS 4 HD [NEW ORLEANS]", "country": "USA" },
  { "id": 512, "name": "CBS 4 HD [ROCK ISLAND]", "country": "USA" },
  { "id": 513, "name": "CBS 4 SD [ST. LOUIS MO]", "country": "USA" },
  { "id": 514, "name": "CBS 5 SD [BAY CITY MI]", "country": "USA" },
  { "id": 515, "name": "CBS 5 HD [SAN ANTONIO]", "country": "USA" },
  { "id": 516, "name": "CBS 5 HD [ANCHORAGE]", "country": "USA" },
  { "id": 517, "name": "CBS 5 HD [CHARLESTON SC]", "country": "USA" },
  { "id": 518, "name": "CBS 5 HD [FLINT MI]", "country": "USA" },
  { "id": 519, "name": "CBS 5 HD [GREEN BAY WI]", "country": "USA" },
  { "id": 520, "name": "CBS 5 HD [KANSAS CITY]", "country": "USA" },
  { "id": 521, "name": "CBS 5 HD [MOBILE AL]", "country": "USA" },
  { "id": 522, "name": "CBS 5 HD [NASHVILLE]", "country": "USA" },
  { "id": 523, "name": "CBS 5 HD [PHOENIX]", "country": "USA" },
  { "id": 524, "name": "CBS 5 HD [SAN FRANCISCO CA]", "country": "USA" },
  { "id": 525, "name": "CBS 5 HD [SYRACUSE NY]", "country": "USA" },
  { "id": 526, "name": "CBS 6 HD [ORLANDO FL]", "country": "USA" },
  { "id": 527, "name": "CBS 6 HD [ALBANY NY]", "country": "USA" },
  { "id": 528, "name": "CBS 6 HD [LANSING MI]", "country": "USA" },
  { "id": 529, "name": "CBS 6 HD [PORTLAND]", "country": "USA" },
  { "id": 530, "name": "CBS 6 HD [RICHMOND]", "country": "USA" },
  { "id": 531, "name": "CBS 6 HD [SCHENECTADY]", "country": "USA" },
  { "id": 532, "name": "CBS 6 HD [TULSA OK]", "country": "USA" },
  { "id": 533, "name": "CBS 7 HD [DAYTON OH]", "country": "USA" },
  { "id": 534, "name": "CBS 7 HD [LAS VEGAS NV]", "country": "USA" },
  { "id": 535, "name": "CBS 7 HD [ROANOKE VA]", "country": "USA" },
  { "id": 536, "name": "CBS 7 HD [SEATTLE]", "country": "USA" },
  { "id": 537, "name": "CBS 7 HD [SPARTANBURG]", "country": "USA" },
  { "id": 538, "name": "CBS 8 HD [DES MOINES]", "country": "USA" },
  { "id": 539, "name": "CBS 8 SD [HIGH POINT NC]", "country": "USA" },
  { "id": 540, "name": "CBS 8 HD [KNOXVILLE TN]", "country": "USA" },
  { "id": 541, "name": "CBS 8 HD [LAS VEGAS NV]", "country": "USA" },
  { "id": 542, "name": "CBS 8 HD [LA CROSSE]", "country": "USA" },
  { "id": 543, "name": "CBS 8 HD [MONTGOMERY]", "country": "USA" },
  { "id": 544, "name": "CBS 8 SD [SAN DIEGO]", "country": "USA" },
  { "id": 545, "name": "CBS 9 HD [BATON ROUGE LA]", "country": "USA" },
  { "id": 546, "name": "CBS 9 SD [CADILLAC MI]", "country": "USA" },
  { "id": 547, "name": "CBS 9 HD [CHARLESTON]", "country": "USA" },
  { "id": 548, "name": "CBS 9 HD [GREENVILLE NC]", "country": "USA" },
  { "id": 549, "name": "CBS 9 HD [LOS ANGELES]", "country": "USA" },
  { "id": 550, "name": "CBS 9 HD [WASHINGTON DC]", "country": "USA" },
  { "id": 551, "name": "CBS 9 HD [CADILLAC]", "country": "USA" },
  { "id": 552, "name": "CBS 9 HD [OKLAHOMA CITY OK]", "country": "USA" },
  { "id": 553, "name": "CBS 10 HD [ALTOONA PA]", "country": "USA" },
  { "id": 554, "name": "CBS 10 HD [COLUMBUS. OH]", "country": "USA" },
  { "id": 555, "name": "CBS 10 HD [CORPUS CHRISTI]", "country": "USA" },
  { "id": 556, "name": "CBS 10 HD [LAFAYETTE LA]", "country": "USA" },
  { "id": 557, "name": "CBS 10 HD [LINCOLN NE]", "country": "USA" },
  { "id": 558, "name": "CBS 10 HD [SPRINGFIELD]", "country": "USA" },
  { "id": 559, "name": "CBS 10 HD [TAMPA FL]", "country": "USA" },
  { "id": 560, "name": "CBS 10 HD [WACO TX]", "country": "USA" },
  { "id": 561, "name": "CBS 11 HD [COLORADO CO]", "country": "USA" },
  { "id": 562, "name": "CBS 11 SD [COLORADO SPRINGS]", "country": "USA" },
  { "id": 563, "name": "CBS 11 HD [DALLAS TX]", "country": "USA" },
  { "id": 564, "name": "CBS 11 HD [FORT MYERS]", "country": "USA" },
  { "id": 565, "name": "CBS 11 SD [FORT WPRTH]", "country": "USA" },
  { "id": 566, "name": "CBS 11 HD [HOUSTON]", "country": "USA" },
  { "id": 567, "name": "CBS 11 HD [LITTLE ROCK AR]", "country": "USA" },
  { "id": 568, "name": "CBS 11 HD [MADISON]", "country": "USA" },
  { "id": 569, "name": "CBS 11 HD [SAVANNAH GA]", "country": "USA" },
  { "id": 570, "name": "CBS 11 SD [SIOUX FALLS]", "country": "USA" },
  { "id": 571, "name": "CBS 11 HD [SPARTANBURG SC]", "country": "USA" },
  { "id": 572, "name": "CBS 11 HD [TRI CITIES]", "country": "USA" },
  { "id": 573, "name": "CBS 11 HD [TOLEDO OH]", "country": "USA" },
  { "id": 574, "name": "CBS 12 HD [CHATTANOOGA TN]", "country": "USA" },
  { "id": 575, "name": "CBS 12 HD [AUGUSTA GA]", "country": "USA" },
  { "id": 576, "name": "CBS 12 SD [CAPE GIRARDEAU MO]", "country": "USA" },
  { "id": 577, "name": "CBS 12 HD [CHICAGO IL]", "country": "USA" },
  { "id": 578, "name": "CBS 12 HD [CINCINNATI OH]", "country": "USA" },
  { "id": 579, "name": "CBS 12 HD [E PROVIDENCE]", "country": "USA" },
  { "id": 580, "name": "CBS 12 HD [JACKSON MS]", "country": "USA" },
  { "id": 581, "name": "CBS 12 HD [LITTLE ROCK]", "country": "USA" },
  { "id": 582, "name": "CBS 12 SD [PROVIDENCE]", "country": "USA" },
  { "id": 583, "name": "CBS 12 HD [SANTA MARIA CA]", "country": "USA" },
  { "id": 584, "name": "CBS 12 HD [SHREVEPORT LA]", "country": "USA" },
  { "id": 585, "name": "CBS 12 HD [WEST PALM BEACH]", "country": "USA" },
  { "id": 586, "name": "CBS 12 HD [WICHITA KS]", "country": "USA" },
  { "id": 587, "name": "CBS 13 HD [ALBUQUERQUE]", "country": "USA" },
  { "id": 588, "name": "CBS 13 HD [MACON GA]", "country": "USA" },
  { "id": 589, "name": "CBS 13 HD [BALTIMORE MD]", "country": "USA" },
  { "id": 590, "name": "CBS 13 HD [EUGENE OR]", "country": "USA" },
  { "id": 591, "name": "CBS 13 HD [HUNTINGTON]", "country": "USA" },
  { "id": 592, "name": "CBS 13 HD [FLORENCE]", "country": "USA" },
  { "id": 593, "name": "CBS 13 SD [GEORGIA]", "country": "USA" },
  { "id": 594, "name": "CBS 13 SD [HUNTINGTON WV]", "country": "USA" },
  { "id": 595, "name": "CBS 13 HD [JEFFERSON CITY]", "country": "USA" },
  { "id": 596, "name": "CBS 13 HD [MYRTLE BEACH]", "country": "USA" },
  { "id": 597, "name": "CBS 13 HD [PORTLAND]", "country": "USA" },
  { "id": 598, "name": "CBS 13 HD [SACRAMENTO CA]", "country": "USA" },
  { "id": 599, "name": "CBS 13 HD [TUCSON AZ]", "country": "USA" },
  { "id": 600, "name": "CBS 14 HD [LOUISVILLE KY]", "country": "USA" },
  { "id": 601, "name": "CBS 15 HD [FORT WAYNE]", "country": "USA" },
  { "id": 602, "name": "CBS 17 HD [GOLDSBORO NC]", "country": "USA" },
  { "id": 603, "name": "CBS 17 HD [RALEIGH-DURHAM]", "country": "USA" },
  { "id": 604, "name": "CBS 17 HD [SHREVEPORT]", "country": "USA" },
  { "id": 605, "name": "CBS 18 HD [ROANOKE]", "country": "USA" },
  { "id": 606, "name": "CBS 18 HD [SEATTLE WA]", "country": "USA" },
  { "id": 607, "name": "CBS 19 HD [CLEVELAND OH]", "country": "USA" },
  { "id": 608, "name": "CBS 19 HD [COLUMBIA SC]", "country": "USA" },
  { "id": 609, "name": "CBS 19 HD [HUNTSVILLE]", "country": "USA" },
  { "id": 610, "name": "CBS 19 HD [NACOGDOCHES]", "country": "USA" },
  { "id": 611, "name": "CBS 19 HD [TYLER]", "country": "USA" },
  { "id": 612, "name": "CBS 20 HD [BURLINGTON]", "country": "USA" },
  { "id": 613, "name": "CBS 20 HD [SPOKANE]", "country": "USA" },
  { "id": 614, "name": "CBS 21 HD [COLUMBUS OH]", "country": "USA" },
  { "id": 615, "name": "CBS 21 HD [HARRISBURG PA]", "country": "USA" },
  { "id": 616, "name": "CBS 21 HD [LEXINGTON]", "country": "USA" },
  { "id": 617, "name": "CBS 22 HD [SCRANTON PA]", "country": "USA" },
  { "id": 618, "name": "CBS 23 HD [HONOLULU]", "country": "USA" },
  { "id": 619, "name": "CBS 24 HD [ST. LOUIS]", "country": "USA" },
  { "id": 620, "name": "CBS 25 HD [OKLAHOMA]", "country": "USA" },
  { "id": 621, "name": "CBS 25 HD [PITTSBURGH PA]", "country": "USA" },
  { "id": 622, "name": "CBS 25 HD [SELMA]", "country": "USA" },
  { "id": 623, "name": "CBS 27 HD [LEXINGTON KY]", "country": "USA" },
  { "id": 624, "name": "CBS 27 HD [YOUNGSTOWN]", "country": "USA" },
  { "id": 625, "name": "CBS 29 HD [BAKERSFIELD]", "country": "USA" },
  { "id": 626, "name": "CBS 29 HD [SHAKER HEIGHTS]", "country": "USA" },
  { "id": 627, "name": "CBS 29 HD [YAKIMA]", "country": "USA" },
  { "id": 628, "name": "CBS 30 HD [FARGO VALLEY ND]", "country": "USA" },
  { "id": 629, "name": "CBS 31 HD [CENTRAL IL]", "country": "USA" },
  { "id": 630, "name": "CBS 32 HD [LOUISVILLE]", "country": "USA" },
  { "id": 631, "name": "CBS 33 HD [DAYTON]", "country": "USA" },
  { "id": 632, "name": "CBS 33 HD [FLINT MI]", "country": "USA" },
  { "id": 633, "name": "CBS 34 HD [AUSTIN TX]", "country": "USA" },
  { "id": 634, "name": "CBS 42 SD [AUSTIN]", "country": "USA" },
  { "id": 635, "name": "CBS 42 HD [BIRMINGHAM]", "country": "USA" },
  { "id": 636, "name": "CBS 44 HD [EVANSVILLE IN]", "country": "USA" },
  { "id": 637, "name": "CBS 46 HD [ATLANTA GA]", "country": "USA" },
  { "id": 638, "name": "CBS 46 HD [MONTEREY]", "country": "USA" },
  { "id": 639, "name": "CBS 46 HD [SALINAS CA]", "country": "USA" },
  { "id": 640, "name": "CBS 47 HD [JACKSONVILLE FL]", "country": "USA" },
  { "id": 641, "name": "CBS 47 HD [FRESNO CA]", "country": "USA" },
  { "id": 642, "name": "CBS 55 HD [RIVERHEAD NY]", "country": "USA" },
  { "id": 643, "name": "CBS 58 HD [MILWAUKEE WI]", "country": "USA" },
  { "id": 644, "name": "CBS 62 HD [DETROIT MI]", "country": "USA" },
  { "id": 645, "name": "CBS 62 HD [DETROIT]", "country": "USA" },
  { "id": 646, "name": "ABC 2 HD [BATON ROUGE]", "country": "USA" },
  { "id": 647, "name": "ABC 2 HD [ATLANTA]", "country": "USA" },
  { "id": 648, "name": "ABC 2 HD [BALTIMORE]", "country": "USA" },
  { "id": 649, "name": "ABC 2 HD [NASHVILLE]", "country": "USA" },
  { "id": 650, "name": "ABC 2 HD [PORTLAND]", "country": "USA" },
  { "id": 651, "name": "ABC 3 HD [PENSACOLA]", "country": "USA" },
  { "id": 652, "name": "ABC 3 HD [SHREVEPORT]", "country": "USA" },
  { "id": 653, "name": "ABC 4 HD [SEATTLE]", "country": "USA" },
  { "id": 654, "name": "ABC 4 HD [SALT LAKE CITY]", "country": "USA" },
  { "id": 655, "name": "ABC 4 HD [CHARLESTON]", "country": "USA" },
  { "id": 656, "name": "ABC 4 HD [HONOLULU]", "country": "USA" },
  { "id": 657, "name": "ABC 4 HD [PITTSBURGH]", "country": "USA" },
  { "id": 658, "name": "ABC 5 HD [BOSTON]", "country": "USA" },
  { "id": 659, "name": "ABC 5 HD [CLEVELAND]", "country": "USA" },
  { "id": 660, "name": "ABC 5 HD [OKLAHOMA CITY]", "country": "USA" },
  { "id": 661, "name": "ABC 5 HD [ST. PAUL]", "country": "USA" },
  { "id": 662, "name": "ABC 6 HD [AUGUSTA]", "country": "USA" },
  { "id": 663, "name": "ABC 7 HD [WASHINGTON]", "country": "USA" },
  { "id": 664, "name": "ABC 7 HD [CHICAGO IL]", "country": "USA" },
  { "id": 665, "name": "ABC 7 HD [DETROIT]", "country": "USA" },
  { "id": 666, "name": "ABC 7 HD [LOS ANGELES]", "country": "USA" },
  { "id": 667, "name": "ABC 7 HD [SAN FRANCISCO]", "country": "USA" },
  { "id": 668, "name": "ABC 7 HD [WASHINGTON DC]", "country": "USA" },
  { "id": 669, "name": "ABC 7 HD [BUFFALO]", "country": "USA" },
  { "id": 670, "name": "ABC 7 HD [DENVER]", "country": "USA" },
  { "id": 671, "name": "ABC 7 HD [EL PASO]", "country": "USA" },
  { "id": 672, "name": "ABC 7 HD [FORT MYERS]", "country": "USA" },
  { "id": 673, "name": "ABC 7 HD [SARASOTA]", "country": "USA" },
  { "id": 674, "name": "ABC 8 HD [HARTFORD]", "country": "USA" },
  { "id": 675, "name": "ABC 8 HD [NEW HAVEN]", "country": "USA" },
  { "id": 676, "name": "ABC 9 HD [ORLANDO]", "country": "USA" },
  { "id": 677, "name": "ABC 9 HD [MANCHESTER]", "country": "USA" },
  { "id": 678, "name": "ABC 9 HD [CHARLOTTE]", "country": "USA" },
  { "id": 679, "name": "ABC 9 HD [SYRACUSE]", "country": "USA" },
  { "id": 680, "name": "ABC 10 HD [MIAMI]", "country": "USA" },
  { "id": 681, "name": "ABC 10 HD [ALBANY]", "country": "USA" },
  { "id": 682, "name": "ABC 10 HD [SACRAMENTO]", "country": "USA" },
  { "id": 683, "name": "ABC 10 HD [SAN DIEGO]", "country": "USA" },
  { "id": 684, "name": "ABC 11 HD [RALEIGH]", "country": "USA" },
  { "id": 685, "name": "ABC 12 HD [MILWAUKEE]", "country": "USA" },
  { "id": 686, "name": "ABC 12 HD [SAN ANTONIO]", "country": "USA" },
  { "id": 687, "name": "ABC 13 HD [HOUSTON]", "country": "USA" },
  { "id": 688, "name": "ABC 13 HD [HAMPTON ROADS]", "country": "USA" },
  { "id": 689, "name": "ABC 13 HD [NORFOLK]", "country": "USA" },
  { "id": 690, "name": "ABC 13 HD [LAS VEGAS]", "country": "USA" },
  { "id": 691, "name": "ABC 15 HD [PHOENIX]", "country": "USA" },
  { "id": 692, "name": "ABC 20 HD [GAINESVILLE]", "country": "USA" },
  { "id": 693, "name": "ABC 20 HD [SAN FRANCISCO]", "country": "USA" },
  { "id": 694, "name": "ABC 25 HD [DISCTRICT OF COLUMBIA]", "country": "USA" },
  { "id": 695, "name": "ABC 26 HD [NEW ORLEANS]", "country": "USA" },
  { "id": 696, "name": "ABC 27 HD [HARRISBURG]", "country": "USA" },
  { "id": 697, "name": "ABC 27 HD [MADISON]", "country": "USA" },
  { "id": 698, "name": "ABC 28 HD [TAMPA BAY]", "country": "USA" },
  { "id": 699, "name": "ABC 30 HD [FRESNO]", "country": "USA" },
  { "id": 700, "name": "ABC 30 HD [ST. LOUIS]", "country": "USA" },
  { "id": 701, "name": "ABC 33 HD [KANSAS CITY]", "country": "USA" },
  { "id": 702, "name": "ABC 33/40 HD [BIRMINGHAM]", "country": "USA" },
  { "id": 703, "name": "ABC 36 HD [LEXINGTON]", "country": "USA" },
  { "id": 704, "name": "ABC 45 HD [WINSTON-SALEM]", "country": "USA" },
  { "id": 705, "name": "ABC 68 HD [BIRMINGHAM]", "country": "USA" },
  { "id": 706, "name": "PBS [CHICAGO]", "country": "USA" },
  { "id": 707, "name": "PBS HD [PHOENIX]", "country": "USA" },
  { "id": 708, "name": "PBS HD [PHILADELPHIA]", "country": "USA" },
  { "id": 709, "name": "PBS HD [DALLAS]", "country": "USA" },
  { "id": 710, "name": "PBS HD [INDIANAPOLIS]", "country": "USA" },
  { "id": 711, "name": "PBS HD [WASHINGTON]", "country": "USA" },
  { "id": 712, "name": "PBS HD [BOSTON]", "country": "USA" },
  { "id": 713, "name": "PBS HD [DETROIT]", "country": "USA" },
  { "id": 714, "name": "PBS HD [OKLAHOMA CITY]", "country": "USA" },
  { "id": 715, "name": "PBS HD [PORTLAND]", "country": "USA" },
  { "id": 716, "name": "PBS HD [NEW ORLEANS]", "country": "USA" },
  { "id": 717, "name": "PBS HD [ATLANTA]", "country": "USA" },
  { "id": 718, "name": "PBS HD [AZ TUCSON]", "country": "USA" },
  { "id": 719, "name": "PBS FRESNO/VISALIA", "country": "USA" },
  { "id": 720, "name": "PBS HD [BALTIMORE]", "country": "USA" },
  { "id": 721, "name": "PBS 8 HD [HOUSTON]", "country": "USA" },
  { "id": 722, "name": "PBS 9 HD [SAN ANTONIO]", "country": "USA" },
  { "id": 723, "name": "PBS 9 HD [SEATTLE]", "country": "USA" },
  { "id": 724, "name": "PBS 10 HD [LAS VEGAS]", "country": "USA" },
  { "id": 725, "name": "PBS 13 HD [NEW YORK]", "country": "USA" },
  { "id": 726, "name": "PBS 15 HD [SAN DIEGO]", "country": "USA" },
  { "id": 727, "name": "PBS 21 HD", "country": "USA" },
  { "id": 728, "name": "PBS 28 HD [LOS ANGELES]", "country": "USA" },
  { "id": 729, "name": "ABC NEWS HD", "country": "USA" },
  { "id": 730, "name": "ABC PHILADELPHIA", "country": "USA" },
  { "id": 731, "name": "ABC NEW YORK", "country": "USA" },
  { "id": 732, "name": "ABC DALLAS", "country": "USA" },
  { "id": 733, "name": "FOX NEWS CHANNEL HD", "country": "USA" },
  { "id": 734, "name": "NBC NEWS NOW", "country": "USA" },
  { "id": 735, "name": "ACCU WEATHER HD", "country": "USA" },
  { "id": 736, "name": "WEATHER NATION HD", "country": "USA" },
  { "id": 737, "name": "MSNBC", "country": "USA" },
  { "id": 738, "name": "MSNBC HD", "country": "USA" },
  { "id": 739, "name": "MSNBC UHD", "country": "USA" },
  { "id": 740, "name": "C-SPAN UHD", "country": "USA" },
  { "id": 741, "name": "C-SPAN 2 UHD", "country": "USA" },
  { "id": 742, "name": "AMC PRESENTS", "country": "USA" },
  { "id": 743, "name": "TMZ", "country": "USA" },
  { "id": 744, "name": "MY 9", "country": "USA" },
  { "id": 745, "name": "START TV", "country": "USA" },
  { "id": 746, "name": "SO YUMMY!", "country": "USA" },
  { "id": 747, "name": "FOOD52", "country": "USA" },
  { "id": 748, "name": "COMEDY TV", "country": "USA" },
  { "id": 749, "name": "INSP", "country": "USA" },
  { "id": 750, "name": "FOX 50", "country": "USA" },
  { "id": 751, "name": "NEWS 12 LONG ISLAND", "country": "USA" },
  { "id": 752, "name": "NEWS 12 NEW JERSEY", "country": "USA" },
  { "id": 753, "name": "AMC+", "country": "USA" },
  { "id": 754, "name": "UNIVISION TDN", "country": "USA" },
  { "id": 755, "name": "UNIMAS", "country": "USA" },
  { "id": 756, "name": "THE CW PIX 11", "country": "USA" },
  { "id": 757, "name": "TCM", "country": "USA" },
  { "id": 758, "name": "SPIKE/PARAMOUNT", "country": "USA" },
  { "id": 759, "name": "REELZ", "country": "USA" },
  { "id": 760, "name": "PURSUIT CHANNEL", "country": "USA" },
  { "id": 761, "name": "NBC UNIVERSO UHD", "country": "USA" },
  { "id": 762, "name": "NBC 5 HD", "country": "USA" },
  { "id": 763, "name": "MAV TV", "country": "USA" },
  { "id": 764, "name": "LAFF TV", "country": "USA" },
  { "id": 765, "name": "INFOWARS", "country": "USA" },
  { "id": 766, "name": "DOG TV", "country": "USA" },
  { "id": 767, "name": "COUNTRY NETWORK", "country": "USA" },
  { "id": 768, "name": "CBS EAST UHD", "country": "USA" },
  { "id": 769, "name": "BOUNCE TV", "country": "USA" },
  { "id": 770, "name": "BLAZE TV", "country": "USA" },
  { "id": 771, "name": "TASTEMADE HD", "country": "USA" },
  { "id": 772, "name": "WE TV+", "country": "USA" },
  { "id": 773, "name": "LOGO HD", "country": "USA" },
  { "id": 774, "name": "HSN 2", "country": "USA" },
  { "id": 775, "name": "C-SPAN 3", "country": "USA" },
  { "id": 776, "name": "CNN INTERNATIONAL HD", "country": "USA" },
  { "id": 777, "name": "BRAVO", "country": "USA" },
  { "id": 778, "name": "BBC WORLD NEWS HD", "country": "USA" },
  { "id": 779, "name": "THE WEATHER CHANNEL HD", "country": "USA" },
  { "id": 780, "name": "FOX BUSINESS NETWORK HD", "country": "USA" },
  { "id": 781, "name": "ONE AMERICAN NEWS NETWORK UHD", "country": "USA" },
  { "id": 782, "name": "CHEDDAR NEWS HD", "country": "USA" },
  { "id": 783, "name": "CHEDDAR BUSINESS UHD", "country": "USA" },
  { "id": 784, "name": "BBC AMERICA UHD", "country": "USA" },
  { "id": 785, "name": "BBC WORLD NEWS UHD", "country": "USA" },
  { "id": 786, "name": "CNBC UHD", "country": "USA" },
  { "id": 787, "name": "AL JAZEERA UHD", "country": "USA" },
  { "id": 788, "name": "RT NEWS HD", "country": "USA" },
  { "id": 789, "name": "CNBC WORLD HD", "country": "USA" },
  { "id": 790, "name": "CNN HD", "country": "USA" },
  { "id": 791, "name": "BLOOMBERG UHD", "country": "USA" },
  { "id": 792, "name": "CBS NEWS HD", "country": "USA" },
  { "id": 793, "name": "NBCSN HD", "country": "USA" },
  { "id": 794, "name": "NEWSMAX TV HD", "country": "USA" },
  { "id": 795, "name": "NEWSNET", "country": "USA" },
  { "id": 796, "name": "NEWSY HD", "country": "USA" },
  { "id": 797, "name": "NBC 6 HD", "country": "USA" },
  { "id": 798, "name": "CBS 4", "country": "USA" },
  { "id": 799, "name": "FOX 7 HD", "country": "USA" },
  { "id": 800, "name": "STARZ KIDS AND FAMILY HD", "country": "USA" },
  { "id": 801, "name": "STARZ IN BLACK HD", "country": "USA" },
  { "id": 802, "name": "STARZ ENCORE WESTERNS HD", "country": "USA" },
  { "id": 803, "name": "STARZ ENCORE SUSPENSE HD", "country": "USA" },
  { "id": 804, "name": "STARZ ENCORE FAMILY HD", "country": "USA" },
  { "id": 805, "name": "STARZ ENCORE CLASSIC HD", "country": "USA" },
  { "id": 806, "name": "STARZ ENCORE BLACK HD", "country": "USA" },
  { "id": 807, "name": "STARZ ENCORE ACTION HD", "country": "USA" },
  { "id": 808, "name": "STARZ ENCORE HD", "country": "USA" },
  { "id": 809, "name": "STARZ CINEMA HD", "country": "USA" },
  { "id": 810, "name": "STARZ HD", "country": "USA" },
  { "id": 811, "name": "INDIE PLEX UHD", "country": "USA" },
  { "id": 812, "name": "TURNER CLASSIC MOVIES HD", "country": "USA" },
  { "id": 813, "name": "EPIX HITS HD", "country": "USA" },
  { "id": 814, "name": "EPIX DRIVE IN HD", "country": "USA" },
  { "id": 815, "name": "EPIX UHD", "country": "USA" },
  { "id": 816, "name": "CINE LIFE HD", "country": "USA" },
  { "id": 817, "name": "ME TV", "country": "USA" },
  { "id": 818, "name": "GRIT TV", "country": "USA" },
  { "id": 819, "name": "PARAMOUNT NETWORK", "country": "USA" },
  { "id": 820, "name": "RETRO PLEX", "country": "USA" },
  { "id": 821, "name": "MOVIE PLEX", "country": "USA" },
  { "id": 822, "name": "HBO LATINO", "country": "USA" },
  { "id": 823, "name": "SHOWTIME BET", "country": "USA" },
  { "id": 824, "name": "EPIX 2 UHD", "country": "USA" },
  { "id": 825, "name": "HDNET MOVIES HD", "country": "USA" },
  { "id": 826, "name": "SONY MOVIE CHANNEL HD", "country": "USA" },
  { "id": 827, "name": "STARZ UHD*", "country": "USA" },
  { "id": 828, "name": "STARZ ENCORE UHD", "country": "USA" },
  { "id": 829, "name": "STARZ EDGE UHD", "country": "USA" },
  { "id": 830, "name": "STARZ COMEDY UHD", "country": "USA" },
  { "id": 831, "name": "SHOWTIME FAMILY ZONE HD", "country": "USA" },
  { "id": 832, "name": "SHOWTIME HD", "country": "USA" },
  { "id": 833, "name": "SHOWTIME WOMEN UHD", "country": "USA" },
  { "id": 834, "name": "SHOWTIME SHOWCASE UHD", "country": "USA" },
  { "id": 835, "name": "SHOWTIME NEXT UHD", "country": "USA" },
  { "id": 836, "name": "SHOWTIME 2 UHD", "country": "USA" },
  { "id": 837, "name": "SHOWTIME UHD", "country": "USA" },
  { "id": 838, "name": "FILMRISE FAMILY HD", "country": "USA" },
  { "id": 839, "name": "HBO ZONE UHD", "country": "USA" },
  { "id": 840, "name": "HBO SIGNATURE UHD", "country": "USA" },
  { "id": 841, "name": "HBO FAMILY UHD", "country": "USA" },
  { "id": 842, "name": "HBO COMEDY UHD", "country": "USA" },
  { "id": 843, "name": "HBO 2 HD", "country": "USA" },
  { "id": 844, "name": "HBO HD", "country": "USA" },
  { "id": 845, "name": "CINEMAX MOREMAX HD", "country": "USA" },
  { "id": 846, "name": "CINEMAX MOVIEMAX HD", "country": "USA" },
  { "id": 847, "name": "CINEMAX ACTIONMAX HD", "country": "USA" },
  { "id": 848, "name": "CINEMAX 5 STARMAX UHD", "country": "USA" },
  { "id": 849, "name": "CINEMAX HD", "country": "USA" },
  { "id": 850, "name": "CINEMAX UHD", "country": "USA" },
  { "id": 851, "name": "TELEMUNDO 47 UHD", "country": "USA" },
  { "id": 852, "name": "GALAVISION UHD", "country": "USA" },
  { "id": 853, "name": "UNIVISION UHD", "country": "USA" },
  { "id": 854, "name": "GEM SHOPPING NETWORK", "country": "USA" },
  { "id": 855, "name": "BET JAMS", "country": "USA" },
  { "id": 856, "name": "WGN AMERICA UHD", "country": "USA" },
  { "id": 857, "name": "TV ONE UHD", "country": "USA" },
  { "id": 858, "name": "AWE UHD", "country": "USA" },
  { "id": 859, "name": "WE TV UHD", "country": "USA" },
  { "id": 860, "name": "TLC UHD", "country": "USA" },
  { "id": 861, "name": "AMC UHD", "country": "USA" },
  { "id": 862, "name": "USA NETWORK UHD", "country": "USA" },
  { "id": 863, "name": "UP UHD", "country": "USA" },
  { "id": 864, "name": "VICELAND UHD", "country": "USA" },
  { "id": 865, "name": "TELEMUNDO 51 HD", "country": "USA" },
  { "id": 866, "name": "GALAVISION HD", "country": "USA" },
  { "id": 867, "name": "UNIVISION HD", "country": "USA" },
  { "id": 918, "name": "ANTENNA TV", "country": "USA" },
  { "id": 919, "name": "TELEMUNDO", "country": "USA" },
  { "id": 920, "name": "REVOLT HD", "country": "USA" },
  { "id": 921, "name": "TV LAND HD", "country": "USA" },
  { "id": 922, "name": "FREEFORM HD", "country": "USA" },
  { "id": 923, "name": "COZI TV", "country": "USA" },
  { "id": 924, "name": "HALLMARK MOVIES & MYSTERIES HD", "country": "USA" },
  { "id": 925, "name": "COOKING CHANNEL HD", "country": "USA" },
  { "id": 926, "name": "TBS UHD", "country": "USA" },
  { "id": 927, "name": "RFD-TV UHD", "country": "USA" },
  { "id": 928, "name": "OXYGEN UHD", "country": "USA" },
  { "id": 929, "name": "HEROS & ICONS", "country": "USA" },
  { "id": 930, "name": "OWN NETWORK HD", "country": "USA" },
  { "id": 931, "name": "OWN UHD", "country": "USA" },
  { "id": 932, "name": "OVATION UHD", "country": "USA" },
  { "id": 933, "name": "OUTSIDE TV HD", "country": "USA" },
  { "id": 934, "name": "JUSTICE CENTRAL UHD", "country": "USA" },
  { "id": 935, "name": "ION TV UHD", "country": "USA" },
  { "id": 936, "name": "IFC UHD", "country": "USA" },
  { "id": 937, "name": "HLN UHD", "country": "USA" },
  { "id": 938, "name": "GSN UHD", "country": "USA" },
  { "id": 939, "name": "Fusion UHD", "country": "USA" },
  { "id": 940, "name": "FM UHD", "country": "USA" },
  { "id": 941, "name": "DAVE & AVA HD", "country": "USA" },
  { "id": 942, "name": "BRAVO UHD", "country": "USA" },
  { "id": 943, "name": "AXS TV UHD", "country": "USA" },
  { "id": 944, "name": "ASPIRE TV UHD", "country": "USA" },
  { "id": 945, "name": "A&E UHD", "country": "USA" },
  { "id": 946, "name": "TRU TV HD", "country": "USA" },
  { "id": 947, "name": "TBS HD", "country": "USA" },
  { "id": 948, "name": "SUNDANCE TV HD", "country": "USA" },
  { "id": 949, "name": "PX SPORTS HD", "country": "USA" },
  { "id": 950, "name": "POP HD", "country": "USA" },
  { "id": 951, "name": "PEOPLE TV HD", "country": "USA" },
  { "id": 952, "name": "PEACE TV", "country": "USA" },
  { "id": 953, "name": "HSN HD", "country": "USA" },
  { "id": 954, "name": "HLN HD", "country": "USA" },
  { "id": 955, "name": "HGTV HD", "country": "USA" },
  { "id": 956, "name": "HEROES AND ICONS", "country": "USA" },
  { "id": 957, "name": "GREAT AMERICAN COUNTRY HD", "country": "USA" },
  { "id": 958, "name": "COURT TV HD", "country": "USA" },
  { "id": 959, "name": "CONTV UHD", "country": "USA" },
  { "id": 960, "name": "COMET TV HD", "country": "USA" },
  { "id": 961, "name": "FYI HD", "country": "USA" },
  { "id": 962, "name": "FXX HD", "country": "USA" },
  { "id": 963, "name": "FXM HD", "country": "USA" },
  { "id": 964, "name": "FX MOVIE CHANNEL HD", "country": "USA" },
  { "id": 965, "name": "FX HD", "country": "USA" },
  { "id": 966, "name": "FUSE HD", "country": "USA" },
  { "id": 967, "name": "BUZZR", "country": "USA" },
  { "id": 968, "name": "HALLMARK DRAMA HD", "country": "USA" },
  { "id": 969, "name": "LIFETIME MOVIES", "country": "USA" },
  { "id": 970, "name": "QVC HD", "country": "USA" },
  { "id": 971, "name": "QVC 3 HD", "country": "USA" },
  { "id": 972, "name": "QVC 2 HD", "country": "USA" },
  { "id": 973, "name": "TNT UHD", "country": "USA" },
  { "id": 974, "name": "LIFETIME HD", "country": "USA" },
  { "id": 975, "name": "LIFETIME MOVIE NETWORK HD", "country": "USA" },
  { "id": 976, "name": "COOKING CHANNEL UHD", "country": "USA" },
  { "id": 977, "name": "FOOD NETWORK UHD", "country": "USA" },
  { "id": 978, "name": "HALLMARK DRAMA", "country": "USA" },
  { "id": 979, "name": "HALLMARK CHANNEL UHD", "country": "USA" },
  { "id": 980, "name": "HALLMARK HD", "country": "USA" },
  { "id": 981, "name": "Smithsonian Channel HD", "country": "USA" },
  { "id": 982, "name": "SMITHSONIAN HD", "country": "USA" },
  { "id": 983, "name": "SMITHSONIAN CHANNEL", "country": "USA" },
  { "id": 984, "name": "MGM HD", "country": "USA" },
  { "id": 985, "name": "SYFY HD", "country": "USA" },
  { "id": 986, "name": "BET HD", "country": "USA" },
  { "id": 987, "name": "BET HER UHD", "country": "USA" },
  { "id": 988, "name": "BET SOUL", "country": "USA" },
  { "id": 989, "name": "BET HD", "country": "USA" },
  { "id": 990, "name": "E!", "country": "USA" },
  { "id": 991, "name": "E! ENTERTAINMENT TELEVISION HD", "country": "USA" },
  { "id": 992, "name": "PBS HD", "country": "USA" },
  { "id": 993, "name": "ADULT SWIM HD", "country": "USA" },
  { "id": 994, "name": "ABC HD", "country": "USA" },
  { "id": 995, "name": "FOX HD", "country": "USA" },
  { "id": 996, "name": "ANIMAL PLANET HD", "country": "USA" },
  { "id": 997, "name": "OUTDOOR CHANNEL HD", "country": "USA" },
  { "id": 998, "name": "TRAVEL CHANNEL UHD", "country": "USA" },
  { "id": 999, "name": "HISTORY 2", "country": "USA" },
  { "id": 1000, "name": "NAT GEO WILD HD", "country": "USA" },
  { "id": 1001, "name": "NAT GEO", "country": "USA" },
  { "id": 1002, "name": "AHC", "country": "USA" },
  { "id": 1003, "name": "NATO", "country": "USA" },
  { "id": 1004, "name": "LAW & CRIME", "country": "USA" },
  { "id": 1005, "name": "LAW & CRIME REWIND", "country": "USA" },
  { "id": 1006, "name": "AMERICAN HORRORS", "country": "USA" },
  { "id": 1007, "name": "H2 HD", "country": "USA" },
  { "id": 1008, "name": "HISTORY MILITARY", "country": "USA" },
  { "id": 1009, "name": "HISTORY HD", "country": "USA" },
  { "id": 1010, "name": "DESTINATION AMERICA UHD", "country": "USA" },
  { "id": 1011, "name": "AMERICAN HEROES CHANNEL UHD", "country": "USA" },
  { "id": 1012, "name": "DISCOVERY SCIENCE HD", "country": "USA" },
  { "id": 1013, "name": "DISCOVERY VELOCITY HD", "country": "USA" },
  { "id": 1014, "name": "DISCOVERY LIFE HD", "country": "USA" },
  { "id": 1015, "name": "DISCOVERY TURBO", "country": "USA" },
  { "id": 1016, "name": "DISCOVERY FAMILY HD", "country": "USA" },
  { "id": 1017, "name": "DISCOVERY UHD", "country": "USA" },
  { "id": 1018, "name": "DISCOVERY HD", "country": "USA" },
  { "id": 1019, "name": "DISCOVERY INVESTIGATION HD", "country": "USA" },
  { "id": 1020, "name": "NATIONAL GEOGRAPHIC WILD HD", "country": "USA" },
  { "id": 1021, "name": "NATIONAL GEOGRAPHIC HD", "country": "USA" },
  { "id": 1022, "name": "CRIME & INVESTIGATION UHD", "country": "USA" },
  { "id": 1023, "name": "FLO SPORTS 1", "country": "USA" },
  { "id": 1024, "name": "FLO SPORTS 2", "country": "USA" },
  { "id": 1025, "name": "FLO SPORTS 3", "country": "USA" },
  { "id": 1026, "name": "FLO SPORTS 4", "country": "USA" },
  { "id": 1027, "name": "FLO SPORTS 5", "country": "USA" },
  { "id": 1028, "name": "FLO SPORTS 6", "country": "USA" },
  { "id": 1029, "name": "FLO SPORTS 7", "country": "USA" },
  { "id": 1030, "name": "FLO SPORTS 8", "country": "USA" },
  { "id": 1031, "name": "FLO SPORTS 9", "country": "USA" },
  { "id": 1032, "name": "FLO SPORTS 10", "country": "USA" },
  { "id": 1033, "name": "FLO SPORTS 11", "country": "USA" },
  { "id": 1034, "name": "FLO SPORTS 12", "country": "USA" },
  { "id": 1035, "name": "FLO SPORTS 13", "country": "USA" },
  { "id": 1036, "name": "FLO SPORTS 14", "country": "USA" },
  { "id": 1037, "name": "FLO SPORTS 15", "country": "USA" },
  { "id": 1038, "name": "FLO SPORTS 16", "country": "USA" },
  { "id": 1039, "name": "FLO SPORTS 17", "country": "USA" },
  { "id": 1040, "name": "FLO SPORTS 18", "country": "USA" },
  { "id": 1041, "name": "FLO SPORTS 19", "country": "USA" },
  { "id": 1042, "name": "FLO SPORTS 20", "country": "USA" },
  { "id": 1043, "name": "ESPN COLLEGE EXTRA 1", "country": "USA" },
  { "id": 1044, "name": "ESPN COLLEGE EXTRA 2", "country": "USA" },
  { "id": 1045, "name": "ESPN COLLEGE EXTRA 3", "country": "USA" },
  { "id": 1046, "name": "ESPN COLLEGE EXTRA 4", "country": "USA" },
  { "id": 1047, "name": "ESPN COLLEGE EXTRA 5", "country": "USA" },
  { "id": 1048, "name": "ESPN COLLEGE EXTRA 6", "country": "USA" },
  { "id": 1049, "name": "ESPN COLLEGE EXTRA 7", "country": "USA" },
  { "id": 1050, "name": "ESPN PLUS", "country": "USA" },
  { "id": 1051, "name": "ESPN PLUS 1 HD", "country": "USA" },
  { "id": 1052, "name": "ESPN PLUS 2 HD", "country": "USA" },
  { "id": 1053, "name": "ESPN PLUS 3 HD", "country": "USA" },
  { "id": 1054, "name": "ESPN PLUS 4 HD", "country": "USA" },
  { "id": 1055, "name": "ESPN PLUS 5 HD", "country": "USA" },
  { "id": 1056, "name": "ESPN PLUS 6 HD", "country": "USA" },
  { "id": 1057, "name": "ESPN PLUS 7 HD", "country": "USA" },
  { "id": 1058, "name": "ESPN PLUS 8 HD", "country": "USA" },
  { "id": 1059, "name": "ESPN PLUS 9 HD", "country": "USA" },
  { "id": 1060, "name": "ESPN PLUS 10 HD", "country": "USA" },
  { "id": 1061, "name": "ESPN PLUS 11 HD", "country": "USA" },
  { "id": 1062, "name": "ESPN PLUS 12 HD", "country": "USA" },
  { "id": 1063, "name": "ESPN PLUS 13 HD", "country": "USA" },
  { "id": 1064, "name": "ESPN PLUS 14 HD", "country": "USA" },
  { "id": 1065, "name": "ESPN PLUS 15 HD", "country": "USA" },
  { "id": 1066, "name": "ESPN PLUS 16 HD", "country": "USA" },
  { "id": 1067, "name": "ESPN PLUS 17 HD", "country": "USA" },
  { "id": 1068, "name": "ESPN PLUS 18 HD", "country": "USA" },
  { "id": 1069, "name": "ESPN PLUS 19 HD", "country": "USA" },
  { "id": 1070, "name": "ESPN PLUS 20 HD", "country": "USA" },
  { "id": 1071, "name": "ESPN PLUS 21 HD", "country": "USA" },
  { "id": 1072, "name": "ESPN PLUS 22 HD", "country": "USA" },
  { "id": 1073, "name": "ESPN PLUS 23 HD", "country": "USA" },
  { "id": 1074, "name": "ESPN PLUS 24 HD", "country": "USA" },
  { "id": 1075, "name": "ESPN PLUS 25 HD", "country": "USA" },
  { "id": 1076, "name": "ESPN PLUS 26 HD", "country": "USA" },
  { "id": 1077, "name": "ESPN PLUS 27 HD", "country": "USA" },
  { "id": 1078, "name": "ESPN PLUS 28 HD", "country": "USA" },
  { "id": 1079, "name": "ESPN PLUS 29 HD", "country": "USA" },
  { "id": 1080, "name": "ESPN PLUS 30 HD", "country": "USA" },
  { "id": 1081, "name": "ESPN PLUS 31 HD", "country": "USA" },
  { "id": 1082, "name": "ESPN PLUS 32 HD", "country": "USA" },
  { "id": 1083, "name": "ESPN PLUS 33 HD", "country": "USA" },
  { "id": 1084, "name": "ESPN PLUS 34 HD", "country": "USA" },
  { "id": 1085, "name": "ESPN PLUS 35 HD", "country": "USA" },
  { "id": 1086, "name": "ESPN PLUS 36 HD", "country": "USA" },
  { "id": 1087, "name": "ESPN PLUS 37 HD", "country": "USA" },
  { "id": 1088, "name": "ESPN PLUS 38 HD", "country": "USA" },
  { "id": 1089, "name": "ESPN PLUS 39 HD", "country": "USA" },
  { "id": 1090, "name": "ESPN PLUS 40 HD", "country": "USA" },
  { "id": 1091, "name": "ESPN PLUS 41 HD", "country": "USA" },
  { "id": 1092, "name": "ESPN PLUS 42 HD", "country": "USA" },
  { "id": 1093, "name": "ESPN PLUS 43 HD", "country": "USA" },
  { "id": 1094, "name": "ESPN PLUS 44 HD", "country": "USA" },
  { "id": 1095, "name": "ESPN PLUS 45 HD", "country": "USA" },
  { "id": 1096, "name": "ESPN PLUS 46 HD", "country": "USA" },
  { "id": 1097, "name": "ESPN PLUS 47 HD", "country": "USA" },
  { "id": 1098, "name": "ESPN PLUS 48 HD", "country": "USA" },
  { "id": 1099, "name": "ESPN PLUS 49 HD", "country": "USA" },
  { "id": 1100, "name": "ESPN PLUS 50 HD", "country": "USA" },
  { "id": 1101, "name": "ESPN PLUS 51 HD", "country": "USA" },
  { "id": 1102, "name": "ESPN PLUS 52 HD", "country": "USA" },
  { "id": 1103, "name": "ESPN PLUS 53 HD", "country": "USA" },
  { "id": 1104, "name": "ESPN PLUS 54 HD", "country": "USA" },
  { "id": 1105, "name": "ESPN PLUS 55 HD", "country": "USA" },
  { "id": 1106, "name": "ESPN PLUS 56 HD", "country": "USA" },
  { "id": 1107, "name": "ESPN PLUS 57 HD", "country": "USA" },
  { "id": 1108, "name": "ESPN PLUS 58 HD", "country": "USA" },
  { "id": 1109, "name": "ESPN PLUS 59 HD", "country": "USA" },
  { "id": 1110, "name": "ESPN PLUS 60 HD", "country": "USA" },
  { "id": 1111, "name": "ESPN PLUS 61 HD", "country": "USA" },
  { "id": 1112, "name": "ESPN PLUS 62 HD", "country": "USA" },
  { "id": 1113, "name": "ESPN PLUS 63 HD", "country": "USA" },
  { "id": 1114, "name": "ESPN PLUS 64 HD", "country": "USA" },
  { "id": 1115, "name": "ESPN PLUS 65 HD", "country": "USA" },
  { "id": 1116, "name": "ESPN PLUS 66 HD", "country": "USA" },
  { "id": 1117, "name": "ESPN PLUS 67 HD", "country": "USA" },
  { "id": 1118, "name": "ESPN PLUS 68 HD", "country": "USA" },
  { "id": 1119, "name": "ESPN PLUS 69 HD", "country": "USA" },
  { "id": 1120, "name": "ESPN PLUS 70 HD", "country": "USA" },
  { "id": 1121, "name": "ESPN PLUS 71 HD", "country": "USA" },
  { "id": 1122, "name": "ESPN PLUS 72 HD", "country": "USA" },
  { "id": 1123, "name": "ESPN PLUS 73 HD", "country": "USA" },
  { "id": 1124, "name": "ESPN PLUS 74 HD", "country": "USA" },
  { "id": 1125, "name": "ESPN PLUS 75 HD", "country": "USA" },
  { "id": 1126, "name": "ESPN PLUS 76 HD", "country": "USA" },
  { "id": 1127, "name": "ESPN PLUS 77 HD", "country": "USA" },
  { "id": 1128, "name": "ESPN PLUS 78 HD", "country": "USA" },
  { "id": 1129, "name": "ESPN PLUS 79 HD", "country": "USA" },
  { "id": 1130, "name": "ESPN PLUS 80 HD", "country": "USA" },
  { "id": 1131, "name": "ESPN PLUS 81 HD", "country": "USA" },
  { "id": 1132, "name": "ESPN PLUS 82 HD", "country": "USA" },
  { "id": 1133, "name": "ESPN PLUS 83 HD", "country": "USA" },
  { "id": 1134, "name": "ESPN PLUS 84 HD", "country": "USA" },
  { "id": 1135, "name": "ESPN PLUS 85 HD", "country": "USA" },
  { "id": 1136, "name": "ESPN PLUS 86 HD", "country": "USA" },
  { "id": 1137, "name": "ESPN PLUS 87 HD", "country": "USA" },
  { "id": 1138, "name": "ESPN PLUS 88 HD", "country": "USA" },
  { "id": 1139, "name": "ESPN PLUS 89 HD", "country": "USA" },
  { "id": 1140, "name": "ESPN PLUS 90 HD", "country": "USA" },
  { "id": 1141, "name": "ESPN PLUS 91 HD", "country": "USA" },
  { "id": 1142, "name": "ESPN PLUS 92 HD", "country": "USA" },
  { "id": 1143, "name": "ESPN PLUS 93 HD", "country": "USA" },
  { "id": 1144, "name": "ESPN PLUS 94 HD", "country": "USA" },
  { "id": 1145, "name": "ESPN PLUS 95 HD", "country": "USA" },
  { "id": 1146, "name": "ESPN PLUS 96 HD", "country": "USA" },
  { "id": 1147, "name": "ESPN PLUS 97 HD", "country": "USA" },
  { "id": 1148, "name": "ESPN PLUS 98 HD", "country": "USA" },
  { "id": 1149, "name": "ESPN PLUS 99 HD", "country": "USA" },
  { "id": 1150, "name": "ESPN PLUS 100 HD", "country": "USA" },
  { "id": 1151, "name": "ESPN PLUS 101 HD", "country": "USA" },
  { "id": 1152, "name": "ESPN PLUS 102 HD", "country": "USA" },
  { "id": 1153, "name": "ESPN PLUS 103 HD", "country": "USA" },
  { "id": 1154, "name": "ESPN PLUS 104 HD", "country": "USA" },
  { "id": 1155, "name": "ESPN PLUS 105 HD", "country": "USA" },
  { "id": 1156, "name": "ESPN PLUS 106 HD", "country": "USA" },
  { "id": 1157, "name": "ESPN PLUS 107 HD", "country": "USA" },
  { "id": 1158, "name": "ESPN PLUS 108 HD", "country": "USA" },
  { "id": 1159, "name": "ESPN PLUS 109 HD", "country": "USA" },
  { "id": 1160, "name": "ESPN PLUS 110 HD", "country": "USA" },
  { "id": 1161, "name": "ESPN PLUS 111 HD", "country": "USA" },
  { "id": 1162, "name": "ESPN PLUS 112 HD", "country": "USA" },
  { "id": 1163, "name": "ESPN PLUS 113 HD", "country": "USA" },
  { "id": 1164, "name": "ESPN PLUS 114 HD", "country": "USA" },
  { "id": 1165, "name": "ESPN PLUS 115 HD", "country": "USA" },
  { "id": 1166, "name": "ESPN PLUS 116 HD", "country": "USA" },
  { "id": 1167, "name": "ESPN PLUS 117 HD", "country": "USA" },
  { "id": 1168, "name": "ESPN PLUS 118 HD", "country": "USA" },
  { "id": 1169, "name": "ESPN PLUS 119 HD", "country": "USA" },
  { "id": 1170, "name": "ESPN PLUS 120 HD", "country": "USA" },
  { "id": 1171, "name": "ESPN PLUS 121 HD", "country": "USA" },
  { "id": 1172, "name": "ESPN PLUS 122 HD", "country": "USA" },
  { "id": 1173, "name": "ESPN PLUS 123 HD", "country": "USA" },
  { "id": 1174, "name": "ESPN PLUS 124 HD", "country": "USA" },
  { "id": 1175, "name": "ESPN PLUS 125 HD", "country": "USA" },
  { "id": 1176, "name": "ESPN PLUS 126 HD", "country": "USA" },
  { "id": 1177, "name": "ESPN PLUS 127 HD", "country": "USA" },
  { "id": 1178, "name": "ESPN PLUS 128 HD", "country": "USA" },
  { "id": 1179, "name": "ESPN PLUS 129 HD", "country": "USA" },
  { "id": 1180, "name": "ESPN PLUS 130 HD", "country": "USA" },
  { "id": 1181, "name": "ESPN PLUS 131 HD", "country": "USA" },
  { "id": 1182, "name": "ESPN PLUS 132 HD", "country": "USA" },
  { "id": 1183, "name": "NCAAB 01", "country": "USA" },
  { "id": 1184, "name": "NCAAB 02", "country": "USA" },
  { "id": 1185, "name": "NCAAB 03", "country": "USA" },
  { "id": 1186, "name": "NCAAB 04", "country": "USA" },
  { "id": 1187, "name": "NCAAB 05", "country": "USA" },
  { "id": 1188, "name": "NCAAB 06", "country": "USA" },
  { "id": 1189, "name": "NCAAB 07", "country": "USA" },
  { "id": 1190, "name": "NCAAB 08", "country": "USA" },
  { "id": 1191, "name": "NCAAB 09", "country": "USA" },
  { "id": 1192, "name": "NCAAB 10", "country": "USA" },
  { "id": 1193, "name": "NCAAB 11", "country": "USA" },
  { "id": 1194, "name": "NCAAB 12", "country": "USA" },
  { "id": 1195, "name": "NCAAB 13", "country": "USA" },
  { "id": 1196, "name": "NCAAB 14", "country": "USA" },
  { "id": 1197, "name": "NCAAB 15", "country": "USA" },
  { "id": 1198, "name": "NCAAB 16", "country": "USA" },
  { "id": 1199, "name": "NCAAB 17", "country": "USA" },
  { "id": 1200, "name": "NCAAB 18", "country": "USA" },
  { "id": 1201, "name": "NCAAB 19", "country": "USA" },
  { "id": 1202, "name": "NCAAB 20", "country": "USA" },
  { "id": 1203, "name": "NCAAB 21", "country": "USA" },
  { "id": 1204, "name": "NCAAB 22", "country": "USA" },
  { "id": 1205, "name": "NCAAB 23", "country": "USA" },
  { "id": 1206, "name": "NCAAB 24", "country": "USA" },
  { "id": 1207, "name": "NCAAB 25", "country": "USA" },
  { "id": 1208, "name": "NCAAF 01", "country": "USA" },
  { "id": 1209, "name": "NCAAF 02", "country": "USA" },
  { "id": 1210, "name": "NCAAF 03", "country": "USA" },
  { "id": 1211, "name": "NCAAF 04", "country": "USA" },
  { "id": 1212, "name": "NCAAF 05", "country": "USA" },
  { "id": 1213, "name": "NCAAF 06", "country": "USA" },
  { "id": 1214, "name": "NCAAF 07", "country": "USA" },
  { "id": 1215, "name": "NCAAF 08", "country": "USA" },
  { "id": 1216, "name": "NCAAF 09", "country": "USA" },
  { "id": 1217, "name": "NCAAF 10", "country": "USA" },
  { "id": 1218, "name": "NCAAF 11", "country": "USA" },
  { "id": 1219, "name": "NCAAF 12", "country": "USA" },
  { "id": 1220, "name": "NCAAF 13", "country": "USA" },
  { "id": 1221, "name": "NCAAF 14", "country": "USA" },
  { "id": 1222, "name": "NCAAF 15", "country": "USA" },
  { "id": 1223, "name": "NCAAF 16", "country": "USA" },
  { "id": 1224, "name": "NCAAF 17", "country": "USA" },
  { "id": 1225, "name": "NCAAF 18", "country": "USA" },
  { "id": 1226, "name": "NCAAF 19", "country": "USA" },
  { "id": 1227, "name": "NCAAF 20", "country": "USA" },
  { "id": 1228, "name": "NCAAF 21", "country": "USA" },
  { "id": 1229, "name": "NCAAF 22", "country": "USA" },
  { "id": 1230, "name": "NCAAF 23", "country": "USA" },
  { "id": 1231, "name": "NCAAF 24", "country": "USA" },
  { "id": 1232, "name": "NCAAF 25", "country": "USA" },
  { "id": 1233, "name": "NCAAF 26", "country": "USA" },
  { "id": 1234, "name": "NCAAF 27", "country": "USA" },
  { "id": 1235, "name": "NCAAF 28", "country": "USA" },
  { "id": 1236, "name": "NCAAF 29", "country": "USA" },
  { "id": 1237, "name": "NCAAF 30", "country": "USA" },
  { "id": 1238, "name": "NBC SPORTS WASHINGTON HD", "country": "USA" },
  { "id": 1239, "name": "NBC SPORTS WASHINGTON PLUS HD", "country": "USA" },
  { "id": 1240, "name": "NBC SPORTS PHILLY PLUS HD", "country": "USA" },
  { "id": 1241, "name": "NBC SPORTS NETWORK HD", "country": "USA" },
  { "id": 1242, "name": "NBC SPORTS CHICAGO PLUS HD", "country": "USA" },
  { "id": 1243, "name": "NBA TV HD", "country": "USA" },
  { "id": 1244, "name": "NBC 10 EAST UHD", "country": "USA" },
  { "id": 1245, "name": "NBC SPORTS PHILADELPHIA HD", "country": "USA" },
  { "id": 1246, "name": "NBC SPORTS NORTHWEST HD", "country": "USA" },
  { "id": 1247, "name": "NBC SPORTS CHICAGO HD", "country": "USA" },
  { "id": 1248, "name": "NBC SPORTS BOSTON HD", "country": "USA" },
  { "id": 1249, "name": "NBC SPORTS BAY AREA+ HD", "country": "USA" },
  { "id": 1250, "name": "NBC SPORTS California + HD", "country": "USA" },
  { "id": 1251, "name": "NBC SPORTS BAY AREA HD", "country": "USA" },
  { "id": 1252, "name": "BEIN SPORTS LALIGA UHD", "country": "USA" },
  { "id": 1253, "name": "BEIN SPORTS EN ESPANOL HD", "country": "USA" },
  { "id": 1254, "name": "BEIN SPORTS 8 HD", "country": "USA" },
  { "id": 1255, "name": "BEIN SPORTS 7 HD", "country": "USA" },
  { "id": 1256, "name": "BEIN SPORTS 6 HD", "country": "USA" },
  { "id": 1257, "name": "BEIN SPORTS 5 HD", "country": "USA" },
  { "id": 1258, "name": "BEIN SPORTS 4 HD", "country": "USA" },
  { "id": 1259, "name": "BEIN SPORTS 2", "country": "USA" },
  { "id": 1260, "name": "BEIN SPORTS HD", "country": "USA" },
  { "id": 1261, "name": "ESPN U HD", "country": "USA" },
  { "id": 1262, "name": "ESPN SEC NETWORK HD", "country": "USA" },
  { "id": 1263, "name": "ESPN NEWS HD", "country": "USA" },
  { "id": 1264, "name": "ESPN LONGHORN NETWORK HD", "country": "USA" },
  { "id": 1265, "name": "ESPN DEPORTES HD", "country": "USA" },
  { "id": 1266, "name": "ESPN 2 HD", "country": "USA" },
  { "id": 1267, "name": "ESPN HD", "country": "USA" },
  { "id": 1268, "name": "UFC 24/7 UHD", "country": "USA" },
  { "id": 1269, "name": "WWE NETWORK HD", "country": "USA" },
  { "id": 1270, "name": "AT&T SPORTSNET SOUTHWEST HD", "country": "USA" },
  { "id": 1271, "name": "MARQUEE SPORTS NETWORK HD", "country": "USA" },
  { "id": 1272, "name": "NHL NETWORK ALT HD", "country": "USA" },
  { "id": 1273, "name": "NHL ARIZONA CAYOTES HD", "country": "USA" },
  { "id": 1274, "name": "NFL REDZONE HD", "country": "USA" },
  { "id": 1275, "name": "NFL NETWORK HD", "country": "USA" },
  { "id": 1276, "name": "FANTASY SPORTS NETWORK HD", "country": "USA" },
  { "id": 1277, "name": "GINX ESPORTS TV HD", "country": "USA" },
  { "id": 1278, "name": "ELEVEN SPORTS NETWORK HD", "country": "USA" },
  { "id": 1279, "name": "TENNIS CHANNEL HD", "country": "USA" },
  { "id": 1280, "name": "GOLF CHANNEL UHD", "country": "USA" },
  { "id": 1281, "name": "FIGHT NETWORK HD", "country": "USA" },
  { "id": 1282, "name": "UFC TV UHD", "country": "USA" },
  { "id": 1283, "name": "NBC GOLF HD", "country": "USA" },
  { "id": 1284, "name": "STADIUM 2 HD", "country": "USA" },
  { "id": 1285, "name": "STADIUM 1 HD", "country": "USA" },
  { "id": 1286, "name": "SPORTSNET SOUTHWEST HD", "country": "USA" },
  { "id": 1287, "name": "SPORTSNET HD", "country": "USA" },
  { "id": 1288, "name": "SPORTSMAN CHANNEL HD", "country": "USA" },
  { "id": 1289, "name": "GAME SHOW NETWORK HD", "country": "USA" },
  { "id": 1290, "name": "SPORTSMAN CHANNEL UHD", "country": "USA" },
  { "id": 1291, "name": "BIG TEN NETWORK HD", "country": "USA" },
  { "id": 1292, "name": "BIG TEN NETWORK 4 HD", "country": "USA" },
  { "id": 1293, "name": "BIG TEN NETWORK 3 HD", "country": "USA" },
  { "id": 1294, "name": "BIG TEN NETWORK 2 HD", "country": "USA" },
  { "id": 1295, "name": "FOX SPORTS 2 UHD", "country": "USA" },
  { "id": 1296, "name": "FOX SPORTS 1 UHD", "country": "USA" },
  { "id": 1297, "name": "CBS SPORTS NETWORK UHD", "country": "USA" },
  { "id": 1298, "name": "FOX SOCCER PLUS HD", "country": "USA" },
  { "id": 1299, "name": "FOX DEPORTES HD", "country": "USA" },
  { "id": 1300, "name": "TYC SPORTS HD", "country": "USA" },
  { "id": 1301, "name": "TVG HORSE RACING", "country": "USA" },
  { "id": 1302, "name": "NESN", "country": "USA" },
  { "id": 1303, "name": "NESN PLUS HD", "country": "USA" },
  { "id": 1304, "name": "NESN BOSTON HD", "country": "USA" },
  { "id": 1305, "name": "NECN HD", "country": "USA" },
  { "id": 1306, "name": "NBA LP 01", "country": "USA" },
  { "id": 1307, "name": "NBA LP 02", "country": "USA" },
  { "id": 1308, "name": "NBA LP 03", "country": "USA" },
  { "id": 1309, "name": "NBA LP 04", "country": "USA" },
  { "id": 1310, "name": "NBA LP 05", "country": "USA" },
  { "id": 1311, "name": "NBA LP 06", "country": "USA" },
  { "id": 1312, "name": "NBA LP 07", "country": "USA" },
  { "id": 1313, "name": "NBA LP 08", "country": "USA" },
  { "id": 1314, "name": "NBA LP 09", "country": "USA" },
  { "id": 1315, "name": "NBA LP 10", "country": "USA" },
  { "id": 1316, "name": "NBA LP 11", "country": "USA" },
  { "id": 1317, "name": "NBA LP 12", "country": "USA" },
  { "id": 1318, "name": "NBA LP 13", "country": "USA" },
  { "id": 1319, "name": "NBA LP 14", "country": "USA" },
  { "id": 1320, "name": "NFL GAME 01", "country": "USA" },
  { "id": 1321, "name": "NFL GAME 02", "country": "USA" },
  { "id": 1322, "name": "NFL GAME 03", "country": "USA" },
  { "id": 1323, "name": "NFL GAME 04", "country": "USA" },
  { "id": 1324, "name": "NFL GAME 05", "country": "USA" },
  { "id": 1325, "name": "NFL GAME 06", "country": "USA" },
  { "id": 1326, "name": "NFL GAME 07", "country": "USA" },
  { "id": 1327, "name": "NFL GAME 08", "country": "USA" },
  { "id": 1328, "name": "NFL GAME 09", "country": "USA" },
  { "id": 1329, "name": "NFL GAME 10", "country": "USA" },
  { "id": 1330, "name": "NFL GAME 11", "country": "USA" },
  { "id": 1331, "name": "NFL GAME 12", "country": "USA" },
  { "id": 1332, "name": "NFL GAME 13", "country": "USA" },
  { "id": 1333, "name": "NFL GAME 14", "country": "USA" },
  { "id": 1334, "name": "NFL GAME 15", "country": "USA" },
  { "id": 1335, "name": "NFL GAME 16", "country": "USA" },
  { "id": 1336, "name": "NHL GAME 01", "country": "USA" },
  { "id": 1337, "name": "NHL GAME 02", "country": "USA" },
  { "id": 1338, "name": "NHL GAME 03", "country": "USA" },
  { "id": 1339, "name": "NHL GAME 04", "country": "USA" },
  { "id": 1340, "name": "NHL GAME 05", "country": "USA" },
  { "id": 1341, "name": "NHL GAME 06", "country": "USA" },
  { "id": 1342, "name": "NHL GAME 07", "country": "USA" },
  { "id": 1343, "name": "NHL GAME 08", "country": "USA" },
  { "id": 1344, "name": "NHL GAME 09", "country": "USA" },
  { "id": 1345, "name": "NHL GAME 10", "country": "USA" },
  { "id": 1346, "name": "NHL GAME 11", "country": "USA" },
  { "id": 1347, "name": "NHL GAME 12", "country": "USA" },
  { "id": 1348, "name": "NHL GAME 13", "country": "USA" },
  { "id": 1349, "name": "NHL GAME 14", "country": "USA" },
  { "id": 1350, "name": "NHL GAME 15", "country": "USA" },
  { "id": 1351, "name": "NHL TEAMS: BUFFALO SABRES HD", "country": "USA" },
  { "id": 1352, "name": "NHL TEAMS: ANAHEIM DUCKS HD", "country": "USA" },
  { "id": 1353, "name": "NHL TEAMS: ARIZONA COYOTES HD", "country": "USA" },
  { "id": 1354, "name": "NHL TEAMS: BOSTON BRUINS HD", "country": "USA" },
  { "id": 1355, "name": "NHL TEAMS: WINNIPEG JETS HD", "country": "USA" },
  { "id": 1356, "name": "NHL TEAMS: CALGARY FLAMES HD", "country": "USA" },
  { "id": 1357, "name": "NHL TEAMS: WASHINGTON CAPITALS HD", "country": "USA" },
  { "id": 1358, "name": "NHL TEAMS: CAROLINA HURRICANES HD", "country": "USA" },
  { "id": 1359, "name": "NHL TEAMS: CHICAGO BLACKHAWKS HD", "country": "USA" },
  {
    "id": 1360,
    "name": "NHL TEAMS: VEGAS GOLDEN KNIGHTS HD",
    "country": "USA"
  },
  { "id": 1361, "name": "NHL TEAMS: COLORADO AVALANCHE HD", "country": "USA" },
  { "id": 1362, "name": "NHL TEAMS: VANCOUVER CANUCKS HD", "country": "USA" },
  {
    "id": 1363,
    "name": "NHL TEAMS: COLUMBUS BLUE JACKETS HD",
    "country": "USA"
  },
  { "id": 1364, "name": "NHL TEAMS: TORONTO MAPLE LEAFS HD", "country": "USA" },
  { "id": 1365, "name": "NHL TEAMS: DALLAS STARS HD", "country": "USA" },
  { "id": 1366, "name": "NHL TEAMS: DETROIT RED WINGS HD", "country": "USA" },
  { "id": 1367, "name": "NHL TEAMS: TAMPA BAY LIGHTNING HD", "country": "USA" },
  { "id": 1368, "name": "NHL TEAMS: EDMONTON OILERS HD", "country": "USA" },
  { "id": 1369, "name": "NHL TEAMS: FLORIDA PANTHERS HD", "country": "USA" },
  { "id": 1370, "name": "NHL TEAMS: ST. LOUIS BLUES HD", "country": "USA" },
  { "id": 1371, "name": "NHL TEAMS: LOS ANGELES KINGS HD", "country": "USA" },
  { "id": 1372, "name": "NHL TEAMS: MINNESOTA WILD HD", "country": "USA" },
  { "id": 1373, "name": "NHL TEAMS: SAN JOSE SHARKS HD", "country": "USA" },
  { "id": 1374, "name": "NHL TEAMS: MONTREAL CANADIENS HD", "country": "USA" },
  { "id": 1375, "name": "NHL TEAMS: NASHVILLE PREDATORS HD", "country": "USA" },
  { "id": 1376, "name": "NHL TEAMS: PITTSBURGH PENGUINS HD", "country": "USA" },
  { "id": 1377, "name": "NHL TEAMS: NEW JERSEY DEVILS HD", "country": "USA" },
  { "id": 1378, "name": "NHL TEAMS: PHILADELPHIA FLYERS HD", "country": "USA" },
  { "id": 1379, "name": "NHL TEAMS: NEW YORK ISLANDERS HD", "country": "USA" },
  { "id": 1380, "name": "NHL TEAMS: OTTAWA SENATORS HD", "country": "USA" },
  { "id": 1381, "name": "NHL TEAMS: NEW YORK RANGERS HD", "country": "USA" },
  { "id": 1382, "name": "MLB 01", "country": "USA" },
  { "id": 1383, "name": "MLB 02", "country": "USA" },
  { "id": 1384, "name": "MLB 03", "country": "USA" },
  { "id": 1385, "name": "MLB 04", "country": "USA" },
  { "id": 1386, "name": "MLB 05", "country": "USA" },
  { "id": 1387, "name": "MLB 06", "country": "USA" },
  { "id": 1388, "name": "MLB 07", "country": "USA" },
  { "id": 1389, "name": "MLB 08", "country": "USA" },
  { "id": 1390, "name": "MLB 09", "country": "USA" },
  { "id": 1391, "name": "MLB 10", "country": "USA" },
  { "id": 1392, "name": "MLB 11", "country": "USA" },
  { "id": 1393, "name": "MLB 12", "country": "USA" },
  { "id": 1394, "name": "MLB 13", "country": "USA" },
  { "id": 1395, "name": "MLB 14", "country": "USA" },
  { "id": 1396, "name": "MLB 15", "country": "USA" },
  { "id": 1397, "name": "PPV: UFC 00", "country": "USA" },
  { "id": 1398, "name": "PPV: UFC 01", "country": "USA" },
  { "id": 1399, "name": "PPV: UFC 02", "country": "USA" },
  { "id": 1400, "name": "PPV: UFC 03", "country": "USA" },
  { "id": 1401, "name": "PPV: UFC 04", "country": "USA" },
  { "id": 1402, "name": "PPV: UFC 05", "country": "USA" },
  { "id": 1403, "name": "PPV: UFC 06", "country": "USA" },
  { "id": 1404, "name": "PPV: BOXING 00", "country": "USA" },
  { "id": 1405, "name": "PPV: BOXING 01", "country": "USA" },
  { "id": 1406, "name": "PPV: BOXING 02", "country": "USA" },
  { "id": 1407, "name": "PPV: BOXING 03", "country": "USA" },
  { "id": 1408, "name": "PPV: BOXING 04", "country": "USA" },
  { "id": 1409, "name": "PPV: BOXING 05", "country": "USA" },
  { "id": 1410, "name": "PPV: BOXING 06", "country": "USA" },
  { "id": 1411, "name": "PPV: BOXING 07", "country": "USA" },
  { "id": 1412, "name": "PPV: BOXING 08", "country": "USA" },
  { "id": 1413, "name": "PPV: BOXING 09", "country": "USA" },
  { "id": 1414, "name": "PPV: MMA 01", "country": "USA" },
  { "id": 1415, "name": "PPV: MMA 02", "country": "USA" },
  { "id": 1416, "name": "PPV: MMA 03", "country": "USA" },
  { "id": 1417, "name": "PPV: MMA 04", "country": "USA" },
  { "id": 1418, "name": "PPV: MMA 05", "country": "USA" },
  { "id": 1419, "name": "PPV: MMA 06", "country": "USA" },
  { "id": 1420, "name": "PPV: MMA 07", "country": "USA" },
  { "id": 1421, "name": "PPV: MMA 08", "country": "USA" },
  { "id": 1422, "name": "PPV: MMA 09", "country": "USA" },
  { "id": 1423, "name": "PPV: MMA 10", "country": "USA" },
  { "id": 1424, "name": "PPV: MMA 11", "country": "USA" },
  { "id": 1425, "name": "PPV: MMA 12", "country": "USA" },
  { "id": 1426, "name": "PPV: MMA 13", "country": "USA" },
  { "id": 1427, "name": "PPV: MMA 14", "country": "USA" },
  { "id": 1428, "name": "PPV: MMA 15", "country": "USA" },
  { "id": 1429, "name": "FOX SPORTS PRIME TICKET", "country": "USA" },
  { "id": 1430, "name": "FOX SPORTS CINCINNATI PLUS", "country": "USA" },
  { "id": 1431, "name": "FOX SPORTS KANSAS CITY", "country": "USA" },
  { "id": 1432, "name": "FOX SPORTS WISCONSIN", "country": "USA" },
  { "id": 1433, "name": "FOX SPORTS NORTH", "country": "USA" },
  { "id": 1434, "name": "FOX SPORTS OKLAHOMA PLUS", "country": "USA" },
  { "id": 1435, "name": "FOX SPORTS", "country": "USA" },
  { "id": 1436, "name": "FOX SPORTS INDIANA", "country": "USA" },
  { "id": 1437, "name": "FOX SPORTS ARIZONA PLUS", "country": "USA" },
  {
    "id": 1438,
    "name": "FOX SPORTS CAROLINAS  NORTH CAROLINA",
    "country": "USA"
  },
  { "id": 1439, "name": "FOX SPORTS CAROLINAS", "country": "USA" },
  { "id": 1440, "name": "FOX SPORTS TENNESSEE", "country": "USA" },
  { "id": 1441, "name": "FOX SPORTS SOUTHEAST", "country": "USA" },
  { "id": 1442, "name": "FOX SPORTS SAN DIEGO", "country": "USA" },
  { "id": 1443, "name": "FOX SPORTS NEW ORLEANS PLUS", "country": "USA" },
  { "id": 1444, "name": "FOX SPORTS NEW ORLEANS", "country": "USA" },
  { "id": 1445, "name": "FOX SPORTS SOUTH GEORGIA", "country": "USA" },
  { "id": 1446, "name": "FOX SPORTS PLUS", "country": "USA" },
  { "id": 1447, "name": "FOX SPORTS MIDWEST PLUS", "country": "USA" },
  { "id": 1448, "name": "FOX SPORTS SPORTSTIME", "country": "USA" },
  { "id": 1449, "name": "FOX SPORTS WEST", "country": "USA" },
  { "id": 1450, "name": "FOX SPORTS FLORIDA", "country": "USA" },
  { "id": 1451, "name": "FOX SPORTS SUN", "country": "USA" },
  { "id": 1452, "name": "FOX SPORTS DETROIT PLUS", "country": "USA" },
  { "id": 1453, "name": "FOX SPORTS DETROIT", "country": "USA" },
  { "id": 1454, "name": "FOX SOCCER PLUS", "country": "USA" },
  { "id": 1455, "name": "GOL TV", "country": "USA" },
  { "id": 1456, "name": "BIG 10 ALT", "country": "USA" },
  { "id": 1457, "name": "ALTITUDE SPORTS", "country": "USA" },
  { "id": 1458, "name": "MASN2", "country": "USA" },
  { "id": 1459, "name": "MASN", "country": "USA" },
  { "id": 1460, "name": "STADIUM 3", "country": "USA" },
  { "id": 1461, "name": "SPORTS GRID", "country": "USA" },
  { "id": 1462, "name": "SPECTRUM SPORTSNET LAKERS", "country": "USA" },
  { "id": 1463, "name": "SPECTRUM SPORTSNET LA DODGERS", "country": "USA" },
  { "id": 1464, "name": "AT&T SPORTSNET ROCKY MOUNTAIN", "country": "USA" },
  { "id": 1465, "name": "AT&T SPORTSNET PITTSBURGH", "country": "USA" },
  { "id": 1466, "name": "ROOT SPORTS", "country": "USA" },
  { "id": 1467, "name": "FUBO SPORTS NETWORK", "country": "USA" },
  { "id": 1468, "name": "ACC NETWORK", "country": "USA" },
  { "id": 1469, "name": "VSIN", "country": "USA" },
  { "id": 1470, "name": "FNTSY SPORTS NETWORK", "country": "USA" },
  { "id": 1471, "name": "RIDE TV", "country": "USA" },
  { "id": 1472, "name": "NBA LP 15", "country": "USA" },
  { "id": 1473, "name": "MC MUSIC Y2K", "country": "USA" },
  { "id": 1474, "name": "MC MUSIC TROPICALES", "country": "USA" },
  { "id": 1475, "name": "MC MUSIC TODDLER TUNES", "country": "USA" },
  { "id": 1476, "name": "MC MUSIC TODAYS COUNTRY", "country": "USA" },
  { "id": 1477, "name": "MC MUSIC THROWBACK JAMZ", "country": "USA" },
  { "id": 1478, "name": "MC MUSIC TEEN BEATS", "country": "USA" },
  { "id": 1479, "name": "MC MUSIC ROCK", "country": "USA" },
  { "id": 1480, "name": "MC MUSIC RAP 2K", "country": "USA" },
  { "id": 1481, "name": "MC MUSIC RAP", "country": "USA" },
  { "id": 1482, "name": "MC MUSIC R&B SOUL", "country": "USA" },
  { "id": 1483, "name": "MC MUSIC R&B", "country": "USA" },
  { "id": 1484, "name": "MC MUSIC POP LATINO", "country": "USA" },
  { "id": 1485, "name": "MC MUSIC POP HITS", "country": "USA" },
  { "id": 1486, "name": "MC MUSIC POP & COUNTRY", "country": "USA" },
  { "id": 1487, "name": "MC MUSIC MEXICANA", "country": "USA" },
  { "id": 1488, "name": "MC MUSIC METAL", "country": "USA" },
  { "id": 1489, "name": "MC MUSIC KIDZ ONLY!", "country": "USA" },
  { "id": 1490, "name": "MC MUSIC INDIE", "country": "USA" },
  { "id": 1491, "name": "MC MUSIC HIT LIST", "country": "USA" },
  { "id": 1492, "name": "MC MUSIC HIP-HOP AND R&B", "country": "USA" },
  { "id": 1493, "name": "MC MUSIC DANCE/ EDM", "country": "USA" },
  { "id": 1494, "name": "MC MUSIC BRITISH HITS", "country": "USA" },
  { "id": 1495, "name": "MC MUSIC ALTERNATIVE", "country": "USA" },
  { "id": 1496, "name": "STINGRAY", "country": "USA" },
  { "id": 1497, "name": "CMT HD", "country": "USA" },
  { "id": 1498, "name": "MC MUSIC 90S", "country": "USA" },
  { "id": 1499, "name": "BABY TV", "country": "USA" },
  { "id": 1500, "name": "PBS WLIW 21", "country": "USA" },
  { "id": 1501, "name": "CARTOONITO ES", "country": "USA" },
  { "id": 1502, "name": "TEEN TITANS GO! HD", "country": "USA" },
  { "id": 1503, "name": "DISNEY XD HD", "country": "USA" },
  { "id": 1504, "name": "DISNEY JR HD", "country": "USA" },
  { "id": 1505, "name": "DISNEY CHANNEL HD", "country": "USA" },
  { "id": 1506, "name": "PBS KIDS HD", "country": "USA" },
  { "id": 1507, "name": "CARTOON NETWORK UHD", "country": "USA" },
  { "id": 1508, "name": "MR. BEAN CARTOON WORLD UHD", "country": "USA" },
  { "id": 1509, "name": "TEEN NICK HD", "country": "USA" },
  { "id": 1510, "name": "NICKTOONS HD", "country": "USA" },
  { "id": 1511, "name": "NICK MUSIC", "country": "USA" },
  { "id": 1512, "name": "NICK JR HD", "country": "USA" },
  { "id": 1513, "name": "BOOMERANG", "country": "USA" },
  { "id": 1514, "name": "UNIVERSAL KIDS HD", "country": "USA" },
  { "id": 1515, "name": "BABY FIRST TV HD", "country": "USA" }
]
